"","V1"
"1",0.2
"2",0.2
"3",0.2
"4",0.2
"5",0.2
"6",0.2
"7",0.2
"8",0.2
"9",0.2
"10",0.2
"11",0.2
"12",0.2
"13",0.2
"14",0.2
"15",1
"16",1
"17",1
"18",1
"19",1
"20",0.2
"21",0.2
"22",0.2
"23",0.2
"24",0.2
"25",0.2
"26",0.2
"27",0.2
"28",0.2
"29",0.2
"30",0.2
"31",0.2
"32",0.2
"33",0.2
"34",0.2
"35",0.2
"36",0.2
"37",0.2
"38",0.2
"39",0.2
"40",0.2
"41",0.2
"42",0.2
"43",0.2
"44",0.2
"45",0.2
"46",0.2
"47",0.2
"48",0.2
"49",0.2
"50",1
"51",1
"52",1
"53",1
"54",1
"55",0.2
"56",0.2
"57",0.2
"58",0.2
"59",0.2
"60",0.2
"61",0.2
"62",0.2
"63",0.2
"64",0.2
"65",0.2
"66",0.2
"67",0.2
"68",0.2
"69",0.2
"70",0.2
"71",0.2
"72",0.2
"73",0.2
"74",0.2
"75",0.2
"76",0.2
"77",0.2
"78",0.2
"79",0.2
"80",0.2
"81",0.2
"82",0.2
"83",0.2
"84",0.2
"85",0.2
"86",0.2
"87",0.2
"88",0.2
"89",0.2
"90",0.2
"91",0.2
"92",0.2
"93",0.2
"94",0.2
"95",0.2
"96",0.2
"97",0.2
"98",0.2
"99",0.2
"100",0.2
"101",0.2
"102",0.2
"103",0.2
"104",0.2
"105",0.2
"106",0.2
"107",0.2
"108",0.2
"109",0.2
"110",0.2
"111",0.2
"112",0.2
"113",0.2
"114",0.2
"115",0.2
"116",0.2
"117",0.2
"118",0.2
"119",0.2
"120",0.2
"121",0.2
"122",0.2
"123",0.2
"124",0.2
"125",0.2
"126",0.2
"127",0.2
"128",0.2
"129",0.2
"130",0.2
"131",0.2
"132",0.2
"133",0.2
"134",0.2
"135",0.2
"136",0.2
"137",0.2
"138",0.2
"139",0.2
"140",0.2
"141",0.2
"142",0.2
"143",0.2
"144",0.2
"145",0.2
"146",0.2
"147",0.2
"148",0.2
"149",0.2
"150",0.2
"151",0.2
"152",0.2
"153",0.2
"154",0.2
"155",0.2
"156",0.2
"157",0.2
"158",0.2
"159",0.2
"160",0.2
"161",0.2
"162",0.2
"163",0.2
"164",0.2
"165",0.2
"166",0.2
"167",0.2
"168",0.2
"169",0.2
"170",0.2
"171",0.2
"172",0.2
"173",0.2
"174",0.2
"175",0.2
"176",0.2
"177",1
"178",1
"179",1
"180",1
"181",1
"182",1
"183",1
"184",1
"185",1
"186",1
"187",1
"188",1
"189",1
"190",1
"191",1
"192",1
"193",1
"194",1
"195",1
"196",1
"197",1
"198",1
"199",1
"200",1
"201",1
"202",1
"203",1
"204",1
"205",1
"206",1
"207",1
"208",1
"209",1
"210",1
"211",1
"212",1
"213",1
"214",1
"215",1
"216",1
"217",1
"218",1
"219",1
"220",1
"221",1
"222",1
"223",1
"224",0.2
"225",0.2
"226",0.2
"227",0.2
"228",0.2
"229",1
"230",1
"231",1
"232",1
"233",1
"234",1
"235",1
"236",1
"237",1
"238",1
"239",1
"240",1
"241",1
"242",1
"243",1
"244",1
"245",1
"246",1
"247",1
"248",1
"249",0.2
"250",0.2
"251",0.2
"252",0.2
"253",0.2
"254",0.2
"255",0.2
"256",0.2
"257",0.2
"258",0.2
"259",0.2
"260",0.2
"261",0.2
"262",0.2
"263",0.2
"264",0.2
"265",0.2
"266",0.2
"267",0.2
"268",0.2
"269",0.2
"270",0.2
"271",0.2
"272",0.2
"273",0.2
"274",0.2
"275",0.2
"276",0.2
"277",0.2
"278",0.2
"279",0.2
"280",0.2
"281",1
"282",1
"283",1
"284",1
"285",1
"286",0.2
"287",0.2
"288",0.2
"289",0.2
"290",0.2
"291",0.2
"292",0.2
"293",0.2
"294",0.2
"295",0.2
"296",0.2
"297",0.2
"298",0.2
"299",0.2
"300",0.2
"301",0.2
"302",0.2
"303",0.2
"304",0.2
"305",0.2
"306",0.2
"307",0.2
"308",0.2
"309",0.2
"310",0.2
"311",0.2
"312",0.2
"313",0.2
"314",0.2
"315",0.2
"316",0.2
"317",0.2
"318",0.2
"319",0.2
"320",0.2
"321",0.2
"322",0.2
"323",0.2
"324",0.2
"325",0.2
"326",0.2
"327",0.2
"328",0.2
"329",0.2
"330",0.2
"331",0.2
"332",0.2
"333",1
"334",1
"335",1
"336",1
"337",1
"338",0.2
"339",0.2
"340",0.2
"341",0.2
"342",0.2
"343",0.2
"344",0.2
"345",0.2
"346",0.2
"347",0.2
"348",0.2
"349",0.2
"350",0.2
"351",0.2
"352",0.2
"353",0.2
"354",0.2
"355",0.2
"356",0.2
"357",0.2
"358",0.2
"359",0.2
"360",0.2
"361",0.2
"362",0.2
"363",0.2
"364",0.2
"365",0.2
"366",0.2
"367",0.2
"368",0.2
"369",0.2
"370",0.2
"371",0.2
"372",0.2
"373",0.2
"374",0.2
"375",0.2
"376",0.2
"377",0.2
"378",0.2
"379",0.2
"380",0.2
"381",0.2
"382",0.2
"383",0.2
"384",0.2
"385",0.2
"386",0.2
"387",0.2
"388",0.2
"389",0.2
"390",0.2
"391",0.2
"392",0.2
"393",0.2
"394",0.2
"395",0.2
"396",0.2
"397",0.2
"398",0.2
"399",0.2
"400",0.2
"401",0.2
"402",0.2
"403",0.2
"404",0.2
"405",0.2
"406",0.2
"407",0.2
"408",1
"409",1
"410",1
"411",1
"412",1
"413",0.2
"414",0.2
"415",0.2
"416",0.2
"417",0.2
"418",0.2
"419",0.2
"420",0.2
"421",0.2
"422",0.2
"423",0.2
"424",0.2
"425",0.2
"426",0.2
"427",0.2
"428",0.2
"429",0.2
"430",0.2
"431",0.2
"432",0.2
"433",0.2
"434",0.2
"435",0.2
"436",0.2
"437",0.2
"438",0.2
"439",0.2
"440",0.2
"441",0.2
"442",0.2
"443",0.2
"444",0.2
"445",0.2
"446",0.2
"447",0.2
"448",0.2
"449",0.2
"450",0.2
"451",0.2
"452",0.2
"453",0.2
"454",0.2
"455",0.2
"456",0.2
"457",0.2
"458",0.2
"459",0.2
"460",0.2
"461",0.2
"462",0.2
"463",0.2
"464",0.2
"465",0.2
"466",0.2
"467",0.2
"468",0.2
"469",0.2
"470",0.2
"471",0.2
"472",0.2
"473",0.2
"474",0.2
"475",0.2
"476",0.2
"477",0.2
"478",0.2
"479",0.2
"480",0.2
"481",0.2
"482",0.2
"483",0.2
"484",0.2
"485",0.2
"486",0.2
"487",0.2
"488",0.2
"489",0.2
"490",0.2
"491",0.2
"492",0.2
"493",0.2
"494",0.2
"495",0.2
"496",0.2
"497",0.2
"498",0.2
"499",0.2
"500",0.2
"501",0.2
"502",0.2
"503",0.2
"504",0.2
"505",0.2
"506",0.2
"507",0.2
"508",1
"509",1
"510",1
"511",1
"512",1
"513",0.2
"514",0.2
"515",0.2
"516",0.2
"517",0.2
"518",0.2
"519",0.2
"520",0.2
"521",0.2
"522",0.2
"523",0.2
"524",0.2
"525",0.2
"526",0.2
"527",0.2
"528",0.2
"529",0.2
"530",0.2
"531",0.2
"532",0.2
"533",0.2
"534",0.2
"535",0.2
"536",0.2
"537",0.2
"538",0.2
"539",0.2
"540",0.2
"541",0.2
"542",0.2
"543",0.2
"544",0.2
"545",0.2
"546",0.2
"547",0.2
"548",0.2
"549",0.2
"550",0.2
"551",0.2
"552",0.2
"553",0.2
"554",0.2
"555",0.2
"556",0.2
"557",0.2
"558",0.2
"559",0.2
"560",0.2
"561",0.2
"562",0.2
"563",0.2
"564",0.2
"565",0.2
"566",0.2
"567",0.2
"568",0.2
"569",0.2
"570",0.2
"571",0.2
"572",0.2
"573",0.2
"574",0.2
"575",0.2
"576",0.2
"577",0.2
"578",0.2
"579",0.2
"580",0.2
"581",0.2
"582",0.2
"583",0.2
"584",0.2
"585",0.2
"586",0.2
"587",0.2
"588",0.2
"589",0.2
"590",0.2
"591",0.2
"592",0.2
"593",0.2
"594",0.2
"595",0.2
"596",0.2
"597",0.2
"598",0.2
"599",0.2
"600",0.2
"601",0.2
"602",0.2
"603",0.2
"604",0.2
"605",0.2
"606",0.2
"607",0.2
"608",0.2
"609",0.2
"610",0.2
"611",0.2
"612",0.2
"613",0.2
"614",0.2
"615",0.2
"616",0.2
"617",0.2
"618",0.2
"619",0.2
"620",0.2
"621",0.2
"622",0.2
"623",0.2
"624",0.2
"625",0.2
"626",0.2
"627",0.2
"628",0.2
"629",0.2
"630",0.2
"631",0.2
"632",0.2
"633",0.2
"634",0.2
"635",0.2
"636",0.2
"637",0.2
"638",0.2
"639",0.2
"640",0.2
"641",0.2
"642",0.2
"643",0.2
"644",0.2
"645",0.2
"646",0.2
"647",0.2
"648",0.2
"649",0.2
"650",0.2
"651",0.2
"652",0.2
"653",0.2
"654",0.2
"655",0.2
"656",1
"657",1
"658",1
"659",1
"660",1
"661",0.2
"662",0.2
"663",0.2
"664",0.2
"665",0.2
"666",1
"667",1
"668",1
"669",1
"670",1
"671",1
"672",1
"673",1
"674",1
"675",1
"676",1
"677",1
"678",1
"679",1
"680",1
"681",1
"682",1
"683",1
"684",1
"685",1
"686",1
"687",1
"688",1
"689",1
"690",1
"691",1
"692",1
"693",1
"694",1
"695",1
"696",1
"697",1
"698",1
"699",1
"700",1
"701",1
"702",1
"703",0.2
"704",0.2
"705",0.2
"706",0.2
"707",0.2
"708",1
"709",1
"710",1
"711",1
"712",1
"713",0.2
"714",0.2
"715",0.2
"716",0.2
"717",0.2
"718",0.2
"719",0.2
"720",0.2
"721",0.2
"722",0.2
"723",0.2
"724",0.2
"725",0.2
"726",0.2
"727",0.2
"728",0.2
"729",0.2
"730",0.2
"731",0.2
"732",0.2
"733",0.2
"734",0.2
"735",0.2
"736",0.2
"737",0.2
"738",0.2
"739",0.2
"740",0.2
"741",0.2
"742",0.2
"743",1
"744",1
"745",1
"746",1
"747",1
"748",0.2
"749",0.2
"750",0.2
"751",0.2
"752",0.2
"753",0.2
"754",0.2
"755",0.2
"756",0.2
"757",0.2
"758",0.2
"759",0.2
"760",0.2
"761",0.2
"762",0.2
"763",0.2
"764",0.2
"765",0.2
"766",0.2
"767",0.2
"768",0.2
"769",0.2
"770",0.2
"771",0.2
"772",0.2
"773",0.2
"774",0.2
"775",0.2
"776",0.2
"777",0.2
"778",0.2
"779",0.2
"780",0.2
"781",0.2
"782",0.2
"783",0.2
"784",0.2
"785",1
"786",1
"787",1
"788",1
"789",1
"790",0.2
"791",0.2
"792",0.2
"793",0.2
"794",0.2
"795",0.2
"796",0.2
"797",0.2
"798",0.2
"799",0.2
"800",0.2
"801",0.2
"802",0.2
"803",0.2
"804",0.2
"805",0.2
"806",0.2
"807",0.2
"808",0.2
"809",0.2
"810",0.2
"811",0.2
"812",0.2
"813",0.2
"814",0.2
"815",0.2
"816",0.2
"817",0.2
"818",0.2
"819",0.2
"820",0.2
"821",0.2
"822",0.2
"823",0.2
"824",0.2
"825",0.2
"826",0.2
"827",0.2
"828",0.2
"829",0.2
"830",0.2
"831",0.2
"832",0.2
"833",0.2
"834",0.2
"835",0.2
"836",0.2
"837",0.2
"838",0.2
"839",0.2
"840",0.2
"841",0.2
"842",1
"843",1
"844",1
"845",1
"846",1
"847",1
"848",1
"849",1
"850",1
"851",1
"852",1
"853",1
"854",1
"855",1
"856",1
"857",1
"858",1
"859",1
"860",1
"861",1
"862",1
"863",1
"864",1
"865",1
"866",1
"867",1
"868",1
"869",1
"870",1
"871",1
"872",1
"873",1
"874",0.2
"875",0.2
"876",0.2
"877",0.2
"878",0.2
"879",0.2
"880",0.2
"881",0.2
"882",0.2
"883",0.2
"884",0.2
"885",0.2
"886",0.2
"887",0.2
"888",0.2
"889",1
"890",1
"891",1
"892",1
"893",1
"894",1
"895",1
"896",1
"897",1
"898",1
"899",1
"900",1
"901",1
"902",1
"903",1
"904",1
"905",1
"906",1
"907",1
"908",1
"909",1
"910",1
"911",1
"912",1
"913",1
"914",1
"915",1
"916",1
"917",0.2
"918",0.2
"919",0.2
"920",0.2
"921",0.2
"922",0.2
"923",0.2
"924",0.2
"925",0.2
"926",0.2
"927",0.2
"928",0.2
"929",0.2
"930",0.2
"931",0.2
"932",0.2
"933",0.2
"934",0.2
"935",0.2
"936",0.2
"937",0.2
"938",0.2
"939",0.2
"940",0.2
"941",0.2
"942",1
"943",1
"944",1
"945",1
"946",1
"947",1
"948",1
"949",1
"950",1
"951",1
"952",1
"953",1
"954",1
"955",1
"956",1
"957",1
"958",1
"959",1
"960",1
"961",1
"962",0.2
"963",0.2
"964",0.2
"965",0.2
"966",0.2
"967",1
"968",1
"969",1
"970",1
"971",1
"972",0.2
"973",0.2
"974",0.2
"975",0.2
"976",0.2
"977",0.2
"978",0.2
"979",0.2
"980",0.2
"981",0.2
"982",0.2
"983",0.2
"984",0.2
"985",0.2
"986",0.2
"987",0.2
"988",0.2
"989",0.2
"990",0.2
"991",0.2
"992",0.2
"993",0.2
"994",0.2
"995",0.2
"996",0.2
"997",0.2
"998",0.2
"999",0.2
"1000",0.2
"1001",0.2
"1002",0.2
"1003",0.2
"1004",1
"1005",1
"1006",1
"1007",1
"1008",1
"1009",1
"1010",1
"1011",1
"1012",1
"1013",1
"1014",0.2
"1015",0.2
"1016",0.2
"1017",0.2
"1018",0.2
"1019",0.2
"1020",0.2
"1021",0.2
"1022",0.2
"1023",0.2
"1024",0.2
"1025",0.2
"1026",0.2
"1027",0.2
"1028",0.2
"1029",0.2
"1030",0.2
"1031",0.2
"1032",0.2
"1033",0.2
"1034",0.2
"1035",0.2
"1036",0.2
"1037",0.2
"1038",0.2
"1039",0.2
"1040",0.2
"1041",0.2
"1042",0.2
"1043",0.2
"1044",0.2
"1045",0.2
"1046",0.2
"1047",0.2
"1048",0.2
"1049",0.2
"1050",0.2
"1051",0.2
"1052",0.2
"1053",0.2
"1054",0.2
"1055",0.2
"1056",0.2
"1057",0.2
"1058",0.2
"1059",0.2
"1060",0.2
"1061",0.2
"1062",0.2
"1063",0.2
"1064",0.2
"1065",0.2
"1066",0.2
"1067",0.2
"1068",0.2
"1069",0.2
"1070",0.2
"1071",0.2
"1072",0.2
"1073",0.2
"1074",0.2
"1075",0.2
"1076",0.2
"1077",0.2
"1078",0.2
"1079",0.2
"1080",0.2
"1081",0.2
"1082",0.2
"1083",0.2
"1084",0.2
"1085",0.2
"1086",1
"1087",1
"1088",1
"1089",1
"1090",1
"1091",0.2
"1092",0.2
"1093",0.2
"1094",0.2
"1095",0.2
"1096",0.2
"1097",0.2
"1098",0.2
"1099",0.2
"1100",0.2
"1101",0.2
"1102",0.2
"1103",0.2
"1104",0.2
"1105",0.2
"1106",0.2
"1107",0.2
"1108",0.2
"1109",0.2
"1110",0.2
"1111",0.2
"1112",0.2
"1113",0.2
"1114",0.2
"1115",0.2
"1116",0.2
"1117",0.2
"1118",0.2
"1119",0.2
"1120",0.2
"1121",0.2
"1122",0.2
"1123",0.2
"1124",0.2
"1125",0.2
"1126",0.2
"1127",0.2
"1128",0.2
"1129",0.2
"1130",0.2
"1131",0.2
"1132",0.2
"1133",0.2
"1134",1
"1135",1
"1136",1
"1137",1
"1138",1
"1139",0.2
"1140",0.2
"1141",0.2
"1142",0.2
"1143",0.2
"1144",0.2
"1145",0.2
"1146",0.2
"1147",0.2
"1148",0.2
"1149",0.2
"1150",0.2
"1151",0.2
"1152",0.2
"1153",0.2
"1154",0.2
"1155",0.2
"1156",0.2
"1157",0.2
"1158",0.2
"1159",0.2
"1160",0.2
"1161",0.2
"1162",0.2
"1163",0.2
"1164",0.2
"1165",0.2
"1166",0.2
"1167",0.2
"1168",0.2
"1169",0.2
"1170",0.2
"1171",0.2
"1172",0.2
"1173",0.2
"1174",0.2
"1175",0.2
"1176",1
"1177",1
"1178",1
"1179",1
"1180",1
"1181",1
"1182",1
"1183",1
"1184",1
"1185",1
"1186",1
"1187",1
"1188",1
"1189",1
"1190",1
"1191",1
"1192",1
"1193",1
"1194",1
"1195",1
"1196",1
"1197",1
"1198",1
"1199",1
"1200",1
"1201",1
"1202",1
"1203",1
"1204",1
"1205",1
"1206",1
"1207",1
"1208",0.2
"1209",0.2
"1210",0.2
"1211",0.2
"1212",0.2
"1213",0.2
"1214",0.2
"1215",0.2
"1216",0.2
"1217",0.2
"1218",0.2
"1219",0.2
"1220",0.2
"1221",0.2
"1222",0.2
"1223",0.2
"1224",0.2
"1225",0.2
"1226",0.2
"1227",0.2
"1228",0.2
"1229",0.2
"1230",0.2
"1231",0.2
"1232",0.2
"1233",0.2
"1234",0.2
"1235",0.2
"1236",0.2
"1237",0.2
"1238",0.2
"1239",0.2
"1240",1
"1241",1
"1242",1
"1243",1
"1244",1
"1245",0.2
"1246",0.2
"1247",0.2
"1248",0.2
"1249",0.2
"1250",1
"1251",1
"1252",1
"1253",1
"1254",1
"1255",1
"1256",1
"1257",1
"1258",1
"1259",1
"1260",0.2
"1261",0.2
"1262",0.2
"1263",0.2
"1264",0.2
"1265",0.2
"1266",0.2
"1267",0.2
"1268",0.2
"1269",0.2
"1270",0.2
"1271",0.2
"1272",0.2
"1273",0.2
"1274",0.2
"1275",0.2
"1276",0.2
"1277",0.2
"1278",0.2
"1279",0.2
"1280",0.2
"1281",0.2
"1282",0.2
"1283",0.2
"1284",0.2
"1285",0.2
"1286",0.2
"1287",0.2
"1288",0.2
"1289",0.2
"1290",0.2
"1291",0.2
"1292",0.2
"1293",0.2
"1294",0.2
"1295",0.2
"1296",0.2
"1297",0.2
"1298",0.2
"1299",0.2
"1300",0.2
"1301",0.2
"1302",0.2
"1303",0.2
"1304",0.2
"1305",0.2
"1306",1
"1307",1
"1308",1
"1309",1
"1310",1
"1311",0.2
"1312",0.2
"1313",0.2
"1314",0.2
"1315",0.2
"1316",0.2
"1317",0.2
"1318",0.2
"1319",0.2
"1320",0.2
"1321",1
"1322",1
"1323",1
"1324",1
"1325",1
"1326",0.2
"1327",0.2
"1328",0.2
"1329",0.2
"1330",0.2
"1331",0.2
"1332",0.2
"1333",0.2
"1334",0.2
"1335",0.2
"1336",0.2
"1337",0.2
"1338",0.2
"1339",0.2
"1340",0.2
"1341",1
"1342",1
"1343",1
"1344",1
"1345",1
"1346",0.2
"1347",0.2
"1348",0.2
"1349",0.2
"1350",0.2
"1351",0.2
"1352",0.2
"1353",0.2
"1354",0.2
"1355",0.2
"1356",0.2
"1357",0.2
"1358",0.2
"1359",0.2
"1360",0.2
"1361",0.2
"1362",0.2
"1363",0.2
"1364",0.2
"1365",0.2
"1366",0.2
"1367",0.2
"1368",0.2
"1369",0.2
"1370",0.2
"1371",0.2
"1372",0.2
"1373",0.2
"1374",0.2
"1375",0.2
"1376",0.2
"1377",0.2
"1378",0.2
"1379",0.2
"1380",0.2
"1381",0.2
"1382",0.2
"1383",0.2
"1384",0.2
"1385",0.2
"1386",0.2
"1387",0.2
"1388",0.2
"1389",0.2
"1390",0.2
"1391",0.2
"1392",0.2
"1393",0.2
"1394",0.2
"1395",0.2
"1396",0.2
"1397",0.2
"1398",0.2
"1399",0.2
"1400",0.2
"1401",0.2
"1402",0.2
"1403",0.2
"1404",0.2
"1405",0.2
"1406",0.2
"1407",0.2
"1408",0.2
"1409",0.2
"1410",0.2
"1411",0.2
"1412",0.2
"1413",0.2
"1414",0.2
"1415",0.2
"1416",0.2
"1417",0.2
"1418",0.2
"1419",0.2
"1420",0.2
"1421",0.2
"1422",0.2
"1423",0.2
"1424",0.2
"1425",1
"1426",1
"1427",1
"1428",1
"1429",1
"1430",1
"1431",1
"1432",1
"1433",1
"1434",1
"1435",1
"1436",1
"1437",1
"1438",1
"1439",1
"1440",1
"1441",1
"1442",1
"1443",1
"1444",1
"1445",0.2
"1446",0.2
"1447",0.2
"1448",0.2
"1449",0.2
"1450",0.2
"1451",0.2
"1452",0.2
"1453",0.2
"1454",0.2
"1455",0.2
"1456",0.2
"1457",0.2
"1458",0.2
"1459",0.2
"1460",0.2
"1461",0.2
"1462",0.2
"1463",0.2
"1464",0.2
"1465",0.2
"1466",0.2
"1467",0.2
"1468",0.2
"1469",0.2
"1470",0.2
"1471",0.2
"1472",0.2
"1473",0.2
"1474",0.2
"1475",0.2
"1476",0.2
"1477",0.2
"1478",0.2
"1479",0.2
"1480",0.2
"1481",0.2
"1482",0.2
"1483",0.2
"1484",0.2
"1485",0.2
"1486",0.2
"1487",0.2
"1488",0.2
"1489",0.2
"1490",0.2
"1491",0.2
"1492",0.2
"1493",0.2
"1494",0.2
"1495",0.2
"1496",0.2
"1497",0.2
"1498",0.2
"1499",0.2
"1500",0.2
"1501",0.2
"1502",0.2
"1503",0.2
"1504",0.2
"1505",0.2
"1506",0.2
"1507",0.2
"1508",0.2
"1509",0.2
"1510",0.2
"1511",0.2
"1512",0.2
"1513",0.2
"1514",0.2
"1515",0.2
"1516",0.2
"1517",0.2
"1518",0.2
"1519",0.2
"1520",0.2
"1521",0.2
"1522",0.2
"1523",0.2
"1524",0.2
"1525",0.2
"1526",0.2
"1527",0.2
"1528",0.2
"1529",0.2
"1530",0.2
"1531",0.2
"1532",0.2
"1533",0.2
"1534",0.2
"1535",0.2
"1536",0.2
"1537",0.2
"1538",0.2
"1539",0.2
"1540",0.2
"1541",0.2
"1542",0.2
"1543",0.2
"1544",0.2
"1545",0.2
"1546",0.2
"1547",0.2
"1548",0.2
"1549",0.2
"1550",0.2
"1551",0.2
"1552",0.2
"1553",0.2
"1554",0.2
"1555",0.2
"1556",0.2
"1557",0.2
"1558",0.2
"1559",0.2
"1560",0.2
"1561",0.2
"1562",1
"1563",1
"1564",1
"1565",1
"1566",1
"1567",1
"1568",1
"1569",1
"1570",1
"1571",1
"1572",1
"1573",1
"1574",1
"1575",1
"1576",1
"1577",1
"1578",1
"1579",1
"1580",1
"1581",1
"1582",1
"1583",1
"1584",1
"1585",1
"1586",1
"1587",1
"1588",1
"1589",1
"1590",1
"1591",1
"1592",1
"1593",1
"1594",1
"1595",1
"1596",1
"1597",1
"1598",1
"1599",1
"1600",1
"1601",1
"1602",1
"1603",1
"1604",1
"1605",1
"1606",1
"1607",1
"1608",1
"1609",1
"1610",1
"1611",1
"1612",1
"1613",1
"1614",1
"1615",1
"1616",1
"1617",1
"1618",1
"1619",1
"1620",1
"1621",1
"1622",1
"1623",1
"1624",0.2
"1625",0.2
"1626",0.2
"1627",0.2
"1628",0.2
"1629",0.2
"1630",0.2
"1631",0.2
"1632",0.2
"1633",0.2
"1634",1
"1635",1
"1636",1
"1637",1
"1638",1
"1639",0.2
"1640",0.2
"1641",0.2
"1642",0.2
"1643",0.2
"1644",0.2
"1645",0.2
"1646",0.2
"1647",0.2
"1648",0.2
"1649",0.2
"1650",0.2
"1651",0.2
"1652",0.2
"1653",0.2
"1654",0.2
"1655",0.2
"1656",0.2
"1657",0.2
"1658",0.2
"1659",0.2
"1660",0.2
"1661",0.2
"1662",0.2
"1663",0.2
"1664",0.2
"1665",0.2
"1666",1
"1667",1
"1668",1
"1669",1
"1670",1
"1671",1
"1672",1
"1673",1
"1674",1
"1675",1
"1676",0.2
"1677",0.2
"1678",0.2
"1679",0.2
"1680",0.2
"1681",0.2
"1682",0.2
"1683",0.2
"1684",0.2
"1685",0.2
"1686",0.2
"1687",0.2
"1688",0.2
"1689",0.2
"1690",0.2
"1691",0.2
"1692",0.2
"1693",0.2
"1694",0.2
"1695",0.2
"1696",0.2
"1697",0.2
"1698",0.2
"1699",0.2
"1700",0.2
"1701",0.2
"1702",0.2
"1703",0.2
"1704",0.2
"1705",0.2
"1706",0.2
"1707",0.2
"1708",1
"1709",1
"1710",1
"1711",1
"1712",1
"1713",1
"1714",1
"1715",1
"1716",1
"1717",1
"1718",0.2
"1719",0.2
"1720",0.2
"1721",0.2
"1722",0.2
"1723",1
"1724",1
"1725",1
"1726",1
"1727",1
"1728",1
"1729",1
"1730",1
"1731",1
"1732",1
"1733",1
"1734",1
"1735",1
"1736",1
"1737",1
"1738",1
"1739",1
"1740",1
"1741",1
"1742",1
"1743",0.2
"1744",0.2
"1745",0.2
"1746",0.2
"1747",0.2
"1748",0.2
"1749",0.2
"1750",0.2
"1751",0.2
"1752",0.2
"1753",0.2
"1754",0.2
"1755",0.2
"1756",0.2
"1757",0.2
"1758",0.2
"1759",0.2
"1760",0.2
"1761",0.2
"1762",0.2
"1763",0.2
"1764",0.2
"1765",0.2
"1766",0.2
"1767",0.2
"1768",0.2
"1769",0.2
"1770",0.2
"1771",0.2
"1772",0.2
"1773",1
"1774",1
"1775",1
"1776",1
"1777",1
"1778",1
"1779",1
"1780",1
"1781",1
"1782",1
"1783",1
"1784",1
"1785",1
"1786",1
"1787",1
"1788",1
"1789",1
"1790",1
"1791",1
"1792",1
"1793",1
"1794",1
"1795",1
"1796",1
"1797",1
"1798",1
"1799",1
"1800",1
"1801",1
"1802",1
"1803",1
"1804",1
"1805",1
"1806",1
"1807",1
"1808",1
"1809",1
"1810",0.2
"1811",0.2
"1812",0.2
"1813",0.2
"1814",0.2
"1815",0.2
"1816",0.2
"1817",0.2
"1818",0.2
"1819",0.2
"1820",0.2
"1821",0.2
"1822",0.2
"1823",0.2
"1824",0.2
"1825",0.2
"1826",0.2
"1827",0.2
"1828",0.2
"1829",0.2
"1830",0.2
"1831",0.2
"1832",0.2
"1833",0.2
"1834",0.2
"1835",0.2
"1836",0.2
"1837",0.2
"1838",0.2
"1839",0.2
"1840",0.2
"1841",0.2
"1842",0.2
"1843",0.2
"1844",0.2
"1845",0.2
"1846",0.2
"1847",0.2
"1848",0.2
"1849",0.2
"1850",0.2
"1851",0.2
"1852",0.2
"1853",0.2
"1854",0.2
"1855",0.2
"1856",0.2
"1857",0.2
"1858",0.2
"1859",0.2
"1860",0.2
"1861",0.2
"1862",0.2
"1863",0.2
"1864",0.2
"1865",0.2
"1866",0.2
"1867",0.2
"1868",0.2
"1869",0.2
"1870",0.2
"1871",0.2
"1872",0.2
"1873",0.2
"1874",0.2
"1875",0.2
"1876",0.2
"1877",0.2
"1878",0.2
"1879",0.2
"1880",0.2
"1881",0.2
"1882",0.2
"1883",0.2
"1884",0.2
"1885",0.2
"1886",0.2
"1887",0.2
"1888",0.2
"1889",0.2
"1890",0.2
"1891",0.2
"1892",0.2
"1893",0.2
"1894",0.2
"1895",0.2
"1896",0.2
"1897",1
"1898",1
"1899",1
"1900",1
"1901",1
"1902",0.2
"1903",0.2
"1904",0.2
"1905",0.2
"1906",0.2
"1907",0.2
"1908",0.2
"1909",0.2
"1910",0.2
"1911",0.2
"1912",0.2
"1913",0.2
"1914",0.2
"1915",0.2
"1916",0.2
"1917",0.2
"1918",0.2
"1919",0.2
"1920",0.2
"1921",0.2
"1922",0.2
"1923",0.2
"1924",0.2
"1925",0.2
"1926",0.2
"1927",0.2
"1928",0.2
"1929",0.2
"1930",0.2
"1931",0.2
"1932",0.2
"1933",0.2
"1934",0.2
"1935",0.2
"1936",0.2
"1937",0.2
"1938",0.2
"1939",0.2
"1940",0.2
"1941",0.2
"1942",0.2
"1943",0.2
"1944",0.2
"1945",0.2
"1946",0.2
"1947",0.2
"1948",0.2
"1949",0.2
"1950",0.2
"1951",0.2
"1952",0.2
"1953",0.2
"1954",0.2
"1955",0.2
"1956",0.2
"1957",0.2
"1958",0.2
"1959",0.2
"1960",0.2
"1961",0.2
"1962",0.2
"1963",0.2
"1964",0.2
"1965",0.2
"1966",1
"1967",1
"1968",1
"1969",1
"1970",1
"1971",1
"1972",1
"1973",1
"1974",1
"1975",1
"1976",1
"1977",1
"1978",1
"1979",1
"1980",1
"1981",1
"1982",1
"1983",1
"1984",1
"1985",1
"1986",1
"1987",1
"1988",1
"1989",1
"1990",1
"1991",1
"1992",1
"1993",1
"1994",1
"1995",1
"1996",1
"1997",1
"1998",0.2
"1999",0.2
"2000",0.2
"2001",0.2
"2002",0.2
"2003",0.2
"2004",0.2
"2005",0.2
"2006",0.2
"2007",0.2
"2008",0.2
"2009",0.2
"2010",0.2
"2011",0.2
"2012",0.2
"2013",0.2
"2014",0.2
"2015",0.2
"2016",0.2
"2017",0.2
"2018",0.2
"2019",0.2
"2020",0.2
"2021",0.2
"2022",0.2
"2023",0.2
"2024",0.2
"2025",0.2
"2026",0.2
"2027",0.2
"2028",1
"2029",1
"2030",1
"2031",1
"2032",1
"2033",1
"2034",1
"2035",1
"2036",1
"2037",1
"2038",1
"2039",1
"2040",1
"2041",1
"2042",1
"2043",1
"2044",1
"2045",1
"2046",1
"2047",1
"2048",1
"2049",1
"2050",1
"2051",1
"2052",1
"2053",1
"2054",1
"2055",1
"2056",1
"2057",1
"2058",1
"2059",1
"2060",1
"2061",1
"2062",1
"2063",1
"2064",1
"2065",1
"2066",1
"2067",1
"2068",1
"2069",1
"2070",1
"2071",1
"2072",1
"2073",1
"2074",1
"2075",0.2
"2076",0.2
"2077",0.2
"2078",0.2
"2079",0.2
"2080",0.2
"2081",0.2
"2082",0.2
"2083",0.2
"2084",0.2
"2085",0.2
"2086",0.2
"2087",0.2
"2088",0.2
"2089",0.2
"2090",0.2
"2091",0.2
"2092",0.2
"2093",0.2
"2094",0.2
"2095",0.2
"2096",0.2
"2097",0.2
"2098",0.2
"2099",0.2
"2100",0.2
"2101",0.2
"2102",0.2
"2103",1
"2104",1
"2105",1
"2106",1
"2107",1
"2108",0.2
"2109",0.2
"2110",0.2
"2111",0.2
"2112",0.2
"2113",0.2
"2114",0.2
"2115",0.2
"2116",0.2
"2117",0.2
"2118",0.2
"2119",0.2
"2120",0.2
"2121",0.2
"2122",0.2
"2123",0.2
"2124",0.2
"2125",0.2
"2126",0.2
"2127",0.2
"2128",0.2
"2129",0.2
"2130",0.2
"2131",0.2
"2132",0.2
"2133",0.2
"2134",0.2
"2135",0.2
"2136",0.2
"2137",0.2
"2138",0.2
"2139",0.2
"2140",0.2
"2141",0.2
"2142",0.2
"2143",0.2
"2144",0.2
"2145",0.2
"2146",0.2
"2147",0.2
"2148",0.2
"2149",0.2
"2150",0.2
"2151",0.2
"2152",0.2
"2153",0.2
"2154",0.2
"2155",0.2
"2156",0.2
"2157",0.2
"2158",0.2
"2159",0.2
"2160",1
"2161",1
"2162",1
"2163",1
"2164",1
"2165",0.2
"2166",0.2
"2167",0.2
"2168",0.2
"2169",0.2
"2170",0.2
"2171",0.2
"2172",0.2
"2173",0.2
"2174",0.2
"2175",0.2
"2176",0.2
"2177",0.2
"2178",0.2
"2179",0.2
"2180",0.2
"2181",0.2
"2182",0.2
"2183",0.2
"2184",0.2
"2185",0.2
"2186",0.2
"2187",0.2
"2188",0.2
"2189",0.2
"2190",0.2
"2191",0.2
"2192",0.2
"2193",0.2
"2194",0.2
"2195",0.2
"2196",0.2
"2197",0.2
"2198",0.2
"2199",0.2
"2200",0.2
"2201",0.2
"2202",0.2
"2203",0.2
"2204",0.2
"2205",0.2
"2206",0.2
"2207",0.2
"2208",0.2
"2209",0.2
"2210",0.2
"2211",0.2
"2212",0.2
"2213",0.2
"2214",0.2
"2215",0.2
"2216",0.2
"2217",0.2
"2218",0.2
"2219",0.2
"2220",0.2
"2221",0.2
"2222",0.2
"2223",0.2
"2224",0.2
"2225",0.2
"2226",0.2
"2227",0.2
"2228",0.2
"2229",0.2
"2230",0.2
"2231",0.2
"2232",0.2
"2233",0.2
"2234",0.2
"2235",0.2
"2236",0.2
"2237",0.2
"2238",0.2
"2239",0.2
"2240",0.2
"2241",0.2
"2242",1
"2243",1
"2244",1
"2245",1
"2246",1
"2247",1
"2248",1
"2249",1
"2250",1
"2251",1
"2252",1
"2253",1
"2254",1
"2255",1
"2256",1
"2257",1
"2258",1
"2259",1
"2260",1
"2261",1
"2262",1
"2263",1
"2264",1
"2265",1
"2266",1
"2267",1
"2268",1
"2269",1
"2270",1
"2271",1
"2272",1
"2273",1
"2274",1
"2275",1
"2276",1
"2277",1
"2278",1
"2279",1
"2280",1
"2281",1
"2282",1
"2283",1
"2284",1
"2285",1
"2286",1
"2287",1
"2288",1
"2289",1
"2290",1
"2291",1
"2292",1
"2293",1
"2294",1
"2295",1
"2296",1
"2297",1
"2298",1
"2299",1
"2300",1
"2301",1
"2302",1
"2303",1
"2304",1
"2305",1
"2306",0.2
"2307",0.2
"2308",0.2
"2309",0.2
"2310",0.2
"2311",1
"2312",1
"2313",1
"2314",1
"2315",1
"2316",0.2
"2317",0.2
"2318",0.2
"2319",0.2
"2320",0.2
"2321",0.2
"2322",0.2
"2323",0.2
"2324",0.2
"2325",0.2
"2326",1
"2327",1
"2328",1
"2329",1
"2330",1
"2331",1
"2332",1
"2333",1
"2334",1
"2335",1
"2336",1
"2337",1
"2338",1
"2339",1
"2340",1
"2341",1
"2342",1
"2343",1
"2344",1
"2345",1
"2346",0.2
"2347",0.2
"2348",0.2
"2349",0.2
"2350",0.2
"2351",1
"2352",1
"2353",1
"2354",1
"2355",1
"2356",1
"2357",1
"2358",1
"2359",1
"2360",1
"2361",1
"2362",1
"2363",1
"2364",1
"2365",1
"2366",1
"2367",1
"2368",1
"2369",1
"2370",1
"2371",0.2
"2372",0.2
"2373",0.2
"2374",0.2
"2375",0.2
"2376",0.2
"2377",0.2
"2378",0.2
"2379",0.2
"2380",0.2
"2381",0.2
"2382",0.2
"2383",0.2
"2384",0.2
"2385",0.2
"2386",1
"2387",1
"2388",1
"2389",1
"2390",1
"2391",0.2
"2392",0.2
"2393",0.2
"2394",0.2
"2395",0.2
"2396",0.2
"2397",0.2
"2398",0.2
"2399",0.2
"2400",0.2
"2401",0.2
"2402",0.2
"2403",0.2
"2404",0.2
"2405",0.2
"2406",0.2
"2407",0.2
"2408",0.2
"2409",0.2
"2410",0.2
"2411",0.2
"2412",0.2
"2413",0.2
"2414",0.2
"2415",0.2
"2416",0.2
"2417",0.2
"2418",0.2
"2419",0.2
"2420",0.2
"2421",0.2
"2422",0.2
"2423",0.2
"2424",0.2
"2425",0.2
"2426",0.2
"2427",0.2
"2428",0.2
"2429",0.2
"2430",0.2
"2431",0.2
"2432",0.2
"2433",0.2
"2434",0.2
"2435",0.2
"2436",0.2
"2437",0.2
"2438",0.2
"2439",0.2
"2440",0.2
"2441",0.2
"2442",0.2
"2443",0.2
"2444",0.2
"2445",0.2
"2446",0.2
"2447",0.2
"2448",0.2
"2449",0.2
"2450",0.2
"2451",0.2
"2452",0.2
"2453",0.2
"2454",0.2
"2455",0.2
"2456",0.2
"2457",0.2
"2458",0.2
"2459",0.2
"2460",0.2
"2461",0.2
"2462",0.2
"2463",1
"2464",1
"2465",1
"2466",1
"2467",1
"2468",0.2
"2469",0.2
"2470",0.2
"2471",0.2
"2472",0.2
"2473",1
"2474",1
"2475",1
"2476",1
"2477",1
"2478",0.2
"2479",0.2
"2480",0.2
"2481",0.2
"2482",0.2
"2483",0.2
"2484",0.2
"2485",0.2
"2486",0.2
"2487",0.2
"2488",0.2
"2489",0.2
"2490",0.2
"2491",0.2
"2492",0.2
"2493",0.2
"2494",0.2
"2495",0.2
"2496",0.2
"2497",0.2
"2498",0.2
"2499",0.2
"2500",0.2
"2501",0.2
"2502",0.2
"2503",0.2
"2504",0.2
"2505",0.2
"2506",0.2
"2507",0.2
"2508",0.2
"2509",0.2
"2510",0.2
"2511",0.2
"2512",0.2
"2513",0.2
"2514",0.2
"2515",0.2
"2516",0.2
"2517",0.2
"2518",0.2
"2519",0.2
"2520",0.2
"2521",1
"2522",1
"2523",1
"2524",1
"2525",1
"2526",0.2
"2527",0.2
"2528",0.2
"2529",0.2
"2530",0.2
"2531",0.2
"2532",0.2
"2533",0.2
"2534",0.2
"2535",0.2
"2536",0.2
"2537",0.2
"2538",0.2
"2539",0.2
"2540",0.2
"2541",0.2
"2542",0.2
"2543",0.2
"2544",0.2
"2545",0.2
"2546",0.2
"2547",0.2
"2548",0.2
"2549",0.2
"2550",0.2
"2551",0.2
"2552",0.2
"2553",0.2
"2554",0.2
"2555",0.2
"2556",0.2
"2557",0.2
"2558",0.2
"2559",0.2
"2560",0.2
"2561",0.2
"2562",0.2
"2563",0.2
"2564",0.2
"2565",0.2
"2566",0.2
"2567",0.2
"2568",0.2
"2569",0.2
"2570",0.2
"2571",0.2
"2572",0.2
"2573",0.2
"2574",0.2
"2575",0.2
"2576",0.2
"2577",0.2
"2578",0.2
"2579",0.2
"2580",0.2
"2581",0.2
"2582",0.2
"2583",0.2
"2584",0.2
"2585",0.2
"2586",0.2
"2587",0.2
"2588",0.2
"2589",0.2
"2590",0.2
"2591",0.2
"2592",0.2
"2593",0.2
"2594",0.2
"2595",0.2
"2596",0.2
"2597",0.2
"2598",0.2
"2599",0.2
"2600",0.2
"2601",0.2
"2602",0.2
"2603",0.2
"2604",0.2
"2605",0.2
"2606",0.2
"2607",0.2
"2608",0.2
"2609",0.2
"2610",0.2
"2611",0.2
"2612",0.2
"2613",0.2
"2614",0.2
"2615",0.2
"2616",0.2
"2617",0.2
"2618",0.2
"2619",0.2
"2620",0.2
"2621",0.2
"2622",0.2
"2623",0.2
"2624",0.2
"2625",0.2
"2626",0.2
"2627",0.2
"2628",0.2
"2629",0.2
"2630",0.2
"2631",0.2
"2632",0.2
"2633",0.2
"2634",0.2
"2635",0.2
"2636",0.2
"2637",0.2
"2638",0.2
"2639",0.2
"2640",0.2
"2641",0.2
"2642",0.2
"2643",0.2
"2644",0.2
"2645",0.2
"2646",0.2
"2647",0.2
"2648",0.2
"2649",0.2
"2650",0.2
"2651",0.2
"2652",0.2
"2653",0.2
"2654",0.2
"2655",0.2
"2656",0.2
"2657",0.2
"2658",0.2
"2659",0.2
"2660",0.2
"2661",0.2
"2662",0.2
"2663",0.2
"2664",0.2
"2665",0.2
"2666",0.2
"2667",0.2
"2668",0.2
"2669",0.2
"2670",0.2
"2671",0.2
"2672",0.2
"2673",0.2
"2674",0.2
"2675",0.2
"2676",0.2
"2677",0.2
"2678",0.2
"2679",0.2
"2680",0.2
"2681",0.2
"2682",0.2
"2683",0.2
"2684",0.2
"2685",0.2
"2686",0.2
"2687",0.2
"2688",0.2
"2689",0.2
"2690",0.2
"2691",0.2
"2692",0.2
"2693",0.2
"2694",0.2
"2695",0.2
"2696",0.2
"2697",0.2
"2698",0.2
"2699",0.2
"2700",0.2
"2701",0.2
"2702",0.2
"2703",0.2
"2704",0.2
"2705",0.2
"2706",0.2
"2707",0.2
"2708",0.2
"2709",0.2
"2710",0.2
"2711",0.2
"2712",0.2
"2713",0.2
"2714",0.2
"2715",0.2
"2716",0.2
"2717",0.2
"2718",0.2
"2719",0.2
"2720",0.2
"2721",0.2
"2722",0.2
"2723",0.2
"2724",0.2
"2725",0.2
"2726",0.2
"2727",0.2
"2728",0.2
"2729",0.2
"2730",0.2
"2731",0.2
"2732",0.2
"2733",0.2
"2734",0.2
"2735",0.2
"2736",0.2
"2737",0.2
"2738",1
"2739",1
"2740",1
"2741",1
"2742",1
"2743",0.2
"2744",0.2
"2745",0.2
"2746",0.2
"2747",0.2
"2748",0.2
"2749",0.2
"2750",0.2
"2751",0.2
"2752",0.2
"2753",0.2
"2754",0.2
"2755",0.2
"2756",0.2
"2757",0.2
"2758",0.2
"2759",0.2
"2760",0.2
"2761",0.2
"2762",0.2
"2763",0.2
"2764",0.2
"2765",0.2
"2766",0.2
"2767",0.2
"2768",0.2
"2769",0.2
"2770",0.2
"2771",0.2
"2772",0.2
"2773",0.2
"2774",0.2
"2775",0.2
"2776",0.2
"2777",0.2
"2778",0.2
"2779",0.2
"2780",0.2
"2781",0.2
"2782",0.2
"2783",0.2
"2784",0.2
"2785",0.2
"2786",0.2
"2787",0.2
"2788",0.2
"2789",0.2
"2790",0.2
"2791",0.2
"2792",0.2
"2793",1
"2794",1
"2795",1
"2796",1
"2797",1
"2798",0.2
"2799",0.2
"2800",0.2
"2801",0.2
"2802",0.2
"2803",0.2
"2804",0.2
"2805",0.2
"2806",0.2
"2807",0.2
"2808",0.2
"2809",0.2
"2810",0.2
"2811",0.2
"2812",0.2
"2813",0.2
"2814",0.2
"2815",0.2
"2816",0.2
"2817",0.2
"2818",0.2
"2819",0.2
"2820",0.2
"2821",0.2
"2822",0.2
"2823",0.2
"2824",0.2
"2825",0.2
"2826",0.2
"2827",0.2
"2828",0.2
"2829",0.2
"2830",1
"2831",1
"2832",1
"2833",1
"2834",1
"2835",0.2
"2836",0.2
"2837",0.2
"2838",0.2
"2839",0.2
"2840",1
"2841",1
"2842",1
"2843",1
"2844",1
"2845",0.2
"2846",0.2
"2847",0.2
"2848",0.2
"2849",0.2
"2850",0.2
"2851",0.2
"2852",0.2
"2853",0.2
"2854",0.2
"2855",0.2
"2856",0.2
"2857",0.2
"2858",0.2
"2859",1
"2860",1
"2861",1
"2862",1
"2863",1
"2864",1
"2865",1
"2866",1
"2867",1
"2868",1
"2869",0.2
"2870",0.2
"2871",0.2
"2872",0.2
"2873",0.2
"2874",0.2
"2875",0.2
"2876",0.2
"2877",0.2
"2878",0.2
"2879",0.2
"2880",0.2
"2881",0.2
"2882",0.2
"2883",0.2
"2884",0.2
"2885",0.2
"2886",0.2
"2887",0.2
"2888",0.2
"2889",0.2
"2890",0.2
"2891",0.2
"2892",0.2
"2893",0.2
"2894",0.2
"2895",0.2
"2896",0.2
"2897",0.2
"2898",0.2
"2899",0.2
"2900",0.2
"2901",0.2
"2902",0.2
"2903",0.2
"2904",0.2
"2905",0.2
"2906",0.2
"2907",0.2
"2908",0.2
"2909",0.2
"2910",0.2
"2911",0.2
"2912",0.2
"2913",0.2
"2914",0.2
"2915",0.2
"2916",0.2
"2917",0.2
"2918",0.2
"2919",0.2
"2920",0.2
"2921",0.2
"2922",0.2
"2923",0.2
"2924",0.2
"2925",0.2
"2926",0.2
"2927",0.2
"2928",0.2
"2929",0.2
"2930",0.2
"2931",0.2
"2932",0.2
"2933",0.2
"2934",0.2
"2935",0.2
"2936",0.2
"2937",0.2
"2938",0.2
"2939",0.2
"2940",0.2
"2941",0.2
"2942",0.2
"2943",0.2
"2944",0.2
"2945",0.2
"2946",0.2
"2947",0.2
"2948",0.2
"2949",0.2
"2950",0.2
"2951",0.2
"2952",0.2
"2953",0.2
"2954",1
"2955",1
"2956",1
"2957",1
"2958",1
"2959",0.2
"2960",0.2
"2961",0.2
"2962",0.2
"2963",0.2
"2964",0.2
"2965",0.2
"2966",0.2
"2967",0.2
"2968",0.2
"2969",0.2
"2970",0.2
"2971",0.2
"2972",0.2
"2973",0.2
"2974",0.2
"2975",0.2
"2976",0.2
"2977",0.2
"2978",0.2
