"","X","node","prop_trt","degree","type_PrEP_comm","net"
"1",0,2575,0.278018088871412,4,"small",1
"2",1,2827,0.279327317473339,5,"small",1
"3",2,9,0.307219662058372,3,"small",1
"4",3,1513,0.272623574144487,6,"small",1
"5",4,1224,0.286572286572287,4,"small",1
"6",5,2846,0.273419649657273,5,"small",1
"7",6,1908,0.290251433612704,5,"small",1
"8",7,2607,0.275029216984807,4,"small",1
"9",8,1480,0.279394180948585,6,"small",1
"10",9,1076,0.287188306104901,4,"small",1
"11",10,1503,0.280866721177432,4,"small",1
"12",11,1528,0.290157648061355,4,"small",1
"13",12,1919,0.284525790349418,4,"small",1
"14",13,1520,0.278116118554608,4,"small",1
"15",14,2279,0.273348519362187,9,"small",1
"16",15,1212,0.267830609212481,7,"small",1
"17",16,1160,0.28009728415079,4,"small",1
"18",17,1262,0.283422459893048,4,"small",1
"19",18,2577,0.275221953188055,5,"small",1
"20",19,776,0.281379883624273,3,"small",1
"21",20,1801,0.288494809688581,4,"small",1
"22",21,2316,0.275807094459944,5,"small",1
"23",22,2556,0.299109235818097,4,"small",1
"24",23,1559,0.275658670861188,4,"small",1
"25",24,2420,0.280548628428928,4,"small",1
"26",25,1515,0.284677763551003,2,"small",1
"27",26,1149,0.27468152866242,5,"small",1
"28",27,947,0.285355648535565,4,"small",1
"29",28,1504,0.285115303983228,5,"small",1
"30",29,1048,0.288831835686778,4,"small",1
"31",30,2554,0.302107728337237,3,"small",1
"32",31,2714,0.297336561743341,3,"small",1
"33",32,2381,0.27828868452619,4,"small",1
"34",33,1531,0.289646133682831,4,"small",1
"35",34,2591,0.276346604215457,4,"small",1
"36",35,2613,0.283539094650206,5,"small",1
"37",36,494,0.283849918433931,5,"small",1
"38",37,1419,0.286815068493151,4,"small",1
"39",38,743,0.277732793522267,5,"small",1
"40",39,1107,0.27982207844723,10,"small",1
"41",40,2533,0.294034090909091,5,"small",1
"42",41,1814,0.291161956034096,4,"small",1
"43",42,1868,0.29223125564589,4,"small",1
"44",43,470,0.280593325092707,3,"small",1
"45",44,1247,0.302052785923754,2,"small",1
"46",45,1481,0.28781331028522,4,"small",1
"47",46,1921,0.281854838709677,6,"small",1
"48",47,2912,0.295074349442379,4,"small",1
"49",48,1518,0.287559190701679,3,"small",1
"50",49,2914,0.305331179321486,3,"small",1
"51",50,1524,0.277755670513331,5,"small",1
"52",51,2744,0.303423236514523,3,"small",1
"53",52,2503,0.312060573282856,3,"small",1
"54",53,1570,0.28426601784266,3,"small",1
"55",54,1522,0.298390804597701,2,"small",1
"56",55,925,0.284952849528495,7,"small",1
"57",56,1920,0.295768374164811,4,"small",1
"58",57,1946,0.291739130434783,3,"small",1
"59",58,2081,0.283253205128205,7,"small",1
"60",59,1517,0.28912006935414,2,"small",1
"61",60,2596,0.281487405037985,5,"small",1
"62",61,1660,0.275368085953044,6,"small",1
"63",62,1603,0.300631374453618,3,"small",1
"64",63,926,0.303859306301905,3,"small",1
"65",64,1424,0.279202279202279,5,"small",1
"66",65,950,0.285172704296546,5,"small",1
"67",66,1441,0.285652920962199,3,"small",1
"68",67,1487,0.30039331366765,3,"small",1
"69",68,2618,0.281526104417671,4,"small",1
"70",69,1508,0.310249307479224,3,"small",1
"71",70,2617,0.300142247510669,3,"small",1
"72",71,1764,0.287370600414079,5,"small",1
"73",72,1898,0.312880044223328,3,"small",1
"74",73,1739,0.289109766637857,5,"small",1
"75",74,2600,0.289541918755402,3,"small",1
"76",75,2659,0.296692607003891,3,"small",1
"77",76,1499,0.29115006412997,3,"small",1
"78",77,2289,0.297697368421053,4,"small",1
"79",78,1821,0.310344827586207,2,"small",1
"80",79,1792,0.30705996131528,5,"small",1
"81",80,1793,0.320321469575201,3,"small",1
"82",0,2,0.255636489767603,26,"large",1
"83",1,6,0.256588072122053,31,"large",1
"84",2,863,0.256178210929342,26,"large",1
"85",3,2078,0.255482074486599,20,"large",1
"86",4,1428,0.266008049762166,10,"large",1
"87",5,377,0.258450704225352,26,"large",1
"88",6,44,0.275728155339806,7,"large",1
"89",7,1617,0.26510435737825,9,"large",1
"90",8,571,0.258462623413258,18,"large",1
"91",9,2141,0.266741488963711,11,"large",1
"92",10,455,0.26409603492179,13,"large",1
"93",11,239,0.258906525573192,21,"large",1
"94",12,349,0.253777472527473,35,"large",1
"95",13,1131,0.262929475587703,13,"large",1
"96",14,552,0.281541582150101,6,"large",1
"97",15,2395,0.262181818181818,15,"large",1
"98",16,547,0.271939736346516,12,"large",1
"99",17,723,0.260480114654246,16,"large",1
"100",18,2630,0.272090307512651,7,"large",1
"101",19,252,0.25663407821229,22,"large",1
"102",20,1024,0.260035523978686,14,"large",1
"103",21,657,0.261261261261261,11,"large",1
"104",22,1958,0.258143607705779,19,"large",1
"105",23,1357,0.262049268118529,15,"large",1
"106",24,803,0.265209471766849,7,"large",1
"107",25,1100,0.275049115913556,6,"large",1
"108",26,569,0.256169621133125,28,"large",1
"109",27,725,0.257543859649123,22,"large",1
"110",28,13,0.261577424023155,12,"large",1
"111",29,14,0.270659590598939,8,"large",1
"112",30,1596,0.260807431225438,19,"large",1
"113",31,690,0.261396011396011,16,"large",1
"114",32,1834,0.267710663683818,11,"large",1
"115",33,1225,0.256752016836198,24,"large",1
"116",34,1259,0.271116138763198,7,"large",1
"117",35,78,0.255304347826087,26,"large",1
"118",36,179,0.255385684503127,22,"large",1
"119",37,1577,0.268129416139829,8,"large",1
"120",38,2374,0.257172848145556,21,"large",1
"121",39,545,0.254854368932039,24,"large",1
"122",40,2152,0.261560693641618,14,"large",1
"123",41,1063,0.254395036194416,25,"large",1
"124",42,2711,0.258590152320227,11,"large",1
"125",43,275,0.262121764491433,13,"large",1
"126",44,1646,0.256330211585154,25,"large",1
"127",45,1881,0.261810313739632,12,"large",1
"128",46,1080,0.259731068648266,13,"large",1
"129",47,1172,0.253618194348725,29,"large",1
"130",48,329,0.256356670149774,20,"large",1
"131",49,1505,0.254325259515571,32,"large",1
"132",50,18,0.26253155427335,17,"large",1
"133",51,19,0.255969101123595,20,"large",1
"134",52,25,0.265832106038292,11,"large",1
"135",53,174,0.260200429491768,13,"large",1
"136",54,181,0.25886524822695,10,"large",1
"137",55,182,0.259115044247788,17,"large",1
"138",56,1339,0.255927475592748,17,"large",1
"139",57,1010,0.259533898305085,19,"large",1
"140",58,242,0.261376046596287,10,"large",1
"141",59,1078,0.259929078014184,18,"large",1
"142",60,1216,0.257928118393235,14,"large",1
"143",61,1025,0.26006528835691,12,"large",1
"144",62,409,0.269113149847095,10,"large",1
"145",63,1977,0.26538176426983,11,"large",1
"146",64,572,0.256686349426884,26,"large",1
"147",65,536,0.261241970021413,19,"large",1
"148",66,706,0.282511210762332,5,"large",1
"149",67,805,0.256794425087108,19,"large",1
"150",68,992,0.254564243885636,31,"large",1
"151",69,2499,0.265351693338296,14,"large",1
"152",70,1040,0.25492909028018,27,"large",1
"153",71,1587,0.255741127348643,22,"large",1
"154",72,731,0.255571030640668,21,"large",1
"155",73,29,0.265493215988265,11,"large",1
"156",74,678,0.262436914203316,14,"large",1
"157",75,216,0.263716166788588,15,"large",1
"158",76,664,0.268916913946588,12,"large",1
"159",77,1236,0.257746478873239,14,"large",1
"160",78,1229,0.263843648208469,11,"large",1
"161",79,625,0.260916249105225,15,"large",1
"162",80,2799,0.264351005484461,11,"large",1
"163",81,750,0.264546440187929,9,"large",1
"164",82,254,0.255208333333333,24,"large",1
"165",83,2321,0.264652348016017,9,"large",1
"166",84,1363,0.260729613733906,11,"large",1
"167",85,2102,0.264684287812041,12,"large",1
"168",86,1331,0.26234788833214,20,"large",1
"169",87,102,0.257768361581921,19,"large",1
"170",88,429,0.271623672230652,12,"large",1
"171",89,503,0.269865067466267,8,"large",1
"172",90,888,0.260176991150442,18,"large",1
"173",91,40,0.269056603773585,12,"large",1
"174",92,42,0.264652348016017,9,"large",1
"175",93,150,0.25492909028018,30,"large",1
"176",94,1956,0.277976901632816,8,"large",1
"177",95,485,0.255378209576683,22,"large",1
"178",96,705,0.276654776060246,9,"large",1
"179",97,327,0.264435454211107,11,"large",1
"180",98,423,0.254055919917156,27,"large",1
"181",99,1957,0.262212643678161,12,"large",1
"182",100,1246,0.255717255717256,24,"large",1
"183",101,57,0.255267702936097,26,"large",1
"184",102,2365,0.27151051625239,9,"large",1
"185",103,1659,0.254055919917156,25,"large",1
"186",104,1928,0.254739744915546,26,"large",1
"187",105,1947,0.261810313739632,18,"large",1
"188",106,836,0.255547850208044,25,"large",1
"189",107,862,0.253094910591472,29,"large",1
"190",108,1325,0.274156441717791,8,"large",1
"191",109,51,0.257554462403373,20,"large",1
"192",110,303,0.257782441413081,22,"large",1
"193",111,1114,0.261103151862464,17,"large",1
"194",112,268,0.261947538627381,17,"large",1
"195",113,91,0.258327427356485,19,"large",1
"196",114,1354,0.263669064748201,11,"large",1
"197",115,1748,0.261025457153101,16,"large",1
"198",116,2515,0.268107698141828,11,"large",1
"199",117,1201,0.262170934006491,11,"large",1
"200",118,1145,0.258075842696629,22,"large",1
"201",119,2218,0.262778977681785,14,"large",1
"202",120,1386,0.266914498141264,10,"large",1
"203",121,1197,0.255707762557078,16,"large",1
"204",122,1058,0.257512229210342,23,"large",1
"205",123,971,0.258166491043203,22,"large",1
"206",124,1757,0.2583392476934,17,"large",1
"207",125,777,0.257905832747716,17,"large",1
"208",126,1574,0.258280479210712,17,"large",1
"209",127,1418,0.267334074898035,10,"large",1
"210",128,626,0.256572029442692,21,"large",1
"211",129,1266,0.262773722627737,13,"large",1
"212",130,166,0.256276150627615,26,"large",1
"213",131,1627,0.262419006479482,14,"large",1
"214",132,60,0.256178210929342,27,"large",1
"215",133,65,0.261604893846707,14,"large",1
"216",134,121,0.254507628294036,29,"large",1
"217",135,129,0.254208175884576,30,"large",1
"218",136,155,0.253448275862069,28,"large",1
"219",137,158,0.273458445040214,7,"large",1
"220",138,159,0.265613519470977,15,"large",1
"221",139,163,0.264426588750913,10,"large",1
"222",140,465,0.257905832747716,19,"large",1
"223",141,2201,0.265874489417007,8,"large",1
"224",142,891,0.256526279150714,19,"large",1
"225",143,435,0.274826789838337,8,"large",1
"226",144,1420,0.265343623667769,8,"large",1
"227",145,2050,0.26186229040314,12,"large",1
"228",146,1233,0.255393180236604,26,"large",1
"229",147,1183,0.26693817104776,8,"large",1
"230",148,70,0.257474498768906,18,"large",1
"231",149,1616,0.256544502617801,24,"large",1
"232",150,2242,0.279429735234216,8,"large",1
"233",151,1081,0.273999222697241,11,"large",1
"234",152,1842,0.264061358655953,15,"large",1
"235",153,1770,0.265336289726534,12,"large",1
"236",154,2366,0.270753998476771,10,"large",1
"237",155,652,0.262608069164265,11,"large",1
"238",156,875,0.260979121670266,14,"large",1
"239",157,1502,0.260621206711889,13,"large",1
"240",158,2353,0.27217125382263,11,"large",1
"241",159,1409,0.264985380116959,14,"large",1
"242",160,645,0.264212827988338,9,"large",1
"243",161,215,0.256339006599514,26,"large",1
"244",162,1571,0.268356317554976,9,"large",1
"245",163,1375,0.254325259515571,25,"large",1
"246",164,1491,0.261335237415209,14,"large",1
"247",165,1805,0.25954738330976,21,"large",1
"248",166,1762,0.264684287812041,9,"large",1
"249",167,1760,0.255846422338569,20,"large",1
"250",168,1777,0.256454989532449,29,"large",1
"251",169,1832,0.268612046389824,9,"large",1
"252",170,74,0.261416756562388,16,"large",1
"253",171,1606,0.264608599779493,8,"large",1
"254",172,1410,0.268183513614323,9,"large",1
"255",173,500,0.267011834319527,9,"large",1
"256",174,605,0.265910753474762,11,"large",1
"257",175,771,0.261055634807418,18,"large",1
"258",176,1609,0.261199421965318,14,"large",1
"259",177,1044,0.254766031195841,24,"large",1
"260",178,2393,0.281724845995893,6,"large",1
"261",179,293,0.255709342560554,27,"large",1
"262",180,319,0.258565877781703,16,"large",1
"263",181,1248,0.261228889687388,10,"large",1
"264",182,542,0.259533898305085,18,"large",1
"265",183,130,0.25718290119131,17,"large",1
"266",184,2227,0.260931389975116,15,"large",1
"267",185,838,0.256818986893376,15,"large",1
"268",186,993,0.258748674443266,16,"large",1
"269",187,1471,0.265246142542248,9,"large",1
"270",188,1323,0.256535378180551,25,"large",1
"271",189,997,0.263349073737741,16,"large",1
"272",190,2548,0.268837561529724,9,"large",1
"273",191,798,0.25997150997151,19,"large",1
"274",192,84,0.25473321858864,32,"large",1
"275",193,289,0.257262863143157,21,"large",1
"276",194,892,0.255385684503127,22,"large",1
"277",195,820,0.262265512265512,16,"large",1
"278",196,2402,0.27027027027027,5,"large",1
"279",197,488,0.260249554367201,14,"large",1
"280",198,660,0.253613214039917,32,"large",1
"281",199,1096,0.256169621133125,27,"large",1
"282",200,2144,0.279937180997252,6,"large",1
"283",201,1916,0.269722013523666,11,"large",1
"284",202,2432,0.272623574144487,5,"large",1
"285",203,1631,0.266642147848474,8,"large",1
"286",204,865,0.258651444880485,18,"large",1
"287",205,855,0.257322175732218,21,"large",1
"288",206,1459,0.26294964028777,11,"large",1
"289",207,761,0.256903180706047,15,"large",1
"290",208,557,0.263728323699422,12,"large",1
"291",209,893,0.259735619864237,14,"large",1
"292",210,1750,0.262223831944947,15,"large",1
"293",211,1036,0.267135976287514,8,"large",1
"294",212,416,0.257443082311734,18,"large",1
"295",213,213,0.256723716381418,25,"large",1
"296",214,1157,0.261148769175883,14,"large",1
"297",215,111,0.255126868265554,25,"large",1
"298",216,343,0.255765199161426,20,"large",1
"299",217,487,0.260176991150442,19,"large",1
"300",218,528,0.256704980842912,23,"large",1
"301",219,959,0.263005780346821,9,"large",1
"302",220,1185,0.253782668500688,36,"large",1
"303",221,2186,0.272444617178391,10,"large",1
"304",222,1769,0.264985380116959,11,"large",1
"305",223,1756,0.2580077437522,19,"large",1
"306",224,94,0.265350877192982,9,"large",1
"307",225,1261,0.257213230119634,19,"large",1
"308",226,694,0.264444444444444,13,"large",1
"309",227,2037,0.259828448892066,15,"large",1
"310",228,1282,0.257554462403373,20,"large",1
"311",229,128,0.25745352507892,18,"large",1
"312",230,811,0.260205892793752,16,"large",1
"313",231,794,0.260606060606061,16,"large",1
"314",232,835,0.261827374503431,13,"large",1
"315",233,1305,0.263554757630162,12,"large",1
"316",234,631,0.257883672039243,21,"large",1
"317",235,309,0.257634257634258,18,"large",1
"318",236,186,0.259127968805388,19,"large",1
"319",237,611,0.265185185185185,12,"large",1
"320",238,2802,0.267537313432836,8,"large",1
"321",239,489,0.256445993031359,21,"large",1
"322",240,2839,0.270485584218513,6,"large",1
"323",241,1649,0.262966993108451,12,"large",1
"324",242,107,0.256143994461751,26,"large",1
"325",243,688,0.270374662031672,8,"large",1
"326",244,386,0.261689017760058,12,"large",1
"327",245,759,0.263716166788588,10,"large",1
"328",246,1610,0.264137176213061,11,"large",1
"329",247,1611,0.265388868411353,10,"large",1
"330",248,1612,0.262454873646209,13,"large",1
"331",249,1613,0.26459719142646,9,"large",1
"332",250,1614,0.259749552772809,16,"large",1
"333",251,2174,0.265038279256289,13,"large",1
"334",252,1683,0.266666666666667,11,"large",1
"335",253,1939,0.280659429030961,6,"large",1
"336",254,589,0.256356670149774,23,"large",1
"337",255,905,0.255024255024255,21,"large",1
"338",256,1735,0.266963292547275,13,"large",1
"339",257,918,0.264966740576497,9,"large",1
"340",258,1566,0.255636489767603,22,"large",1
"341",259,985,0.255540166204986,28,"large",1
"342",260,844,0.257894736842105,24,"large",1
"343",261,1661,0.256813417190776,18,"large",1
"344",262,300,0.258132956152758,14,"large",1
"345",263,2790,0.262968299711816,13,"large",1
"346",264,2616,0.264081931236284,10,"large",1
"347",265,730,0.256526279150714,21,"large",1
"348",266,1414,0.259652851576337,18,"large",1
"349",267,1394,0.266567937800815,9,"large",1
"350",268,1506,0.268173258003766,8,"large",1
"351",269,283,0.256581256581257,23,"large",1
"352",270,1583,0.255822036843935,22,"large",1
"353",271,1159,0.258553791887125,15,"large",1
"354",272,197,0.257112750263435,18,"large",1
"355",273,1072,0.256464011180992,20,"large",1
"356",274,135,0.253700516351119,35,"large",1
"357",275,142,0.263959390862944,13,"large",1
"358",276,148,0.255126868265554,22,"large",1
"359",277,1205,0.261651376146789,11,"large",1
"360",278,1206,0.264791818845873,10,"large",1
"361",279,1207,0.26649560117302,12,"large",1
"362",280,1208,0.271067961165048,8,"large",1
"363",281,1210,0.272373540856031,7,"large",1
"364",282,1204,0.266078647556046,10,"large",1
"365",283,1826,0.276160503540519,5,"large",1
"366",284,2075,0.254401104590956,25,"large",1
"367",285,1069,0.269744372376955,8,"large",1
"368",286,1362,0.262733602052034,15,"large",1
"369",287,790,0.263272727272727,12,"large",1
"370",288,1438,0.264749262536873,13,"large",1
"371",289,1516,0.260623229461756,18,"large",1
"372",290,1139,0.260699001426534,16,"large",1
"373",291,739,0.262611806797853,9,"large",1
"374",292,556,0.255208333333333,21,"large",1
"375",293,544,0.256025148445686,22,"large",1
"376",294,929,0.266765468692108,11,"large",1
"377",295,497,0.255644320944772,23,"large",1
"378",296,1005,0.259061833688699,14,"large",1
"379",297,698,0.258075842696629,14,"large",1
"380",298,859,0.256267409470752,23,"large",1
"381",299,747,0.257974062390466,22,"large",1
"382",300,1519,0.259680284191829,13,"large",1
"383",301,961,0.25677553856845,26,"large",1
"384",302,2583,0.261183261183261,11,"large",1
"385",303,1119,0.261433201296363,12,"large",1
"386",304,2364,0.262206148282098,11,"large",1
"387",305,1512,0.263349073737741,12,"large",1
"388",306,527,0.262436914203316,18,"large",1
"389",307,1088,0.258529722124516,15,"large",1
"390",308,2441,0.263311451495259,11,"large",1
"391",309,2271,0.266765468692108,11,"large",1
"392",310,736,0.257951765117092,20,"large",1
"393",311,1190,0.259311812699539,12,"large",1
"394",312,1340,0.263501268575571,13,"large",1
"395",313,1084,0.255902777777778,25,"large",1
"396",314,2179,0.265762463343108,11,"large",1
"397",315,2461,0.26309963099631,10,"large",1
"398",316,1572,0.262236513040372,14,"large",1
"399",317,521,0.257905832747716,17,"large",1
"400",318,1144,0.255186721991701,27,"large",1
"401",319,1264,0.258947368421053,21,"large",1
"402",320,298,0.260028653295129,12,"large",1
"403",321,2074,0.258371519210434,19,"large",1
"404",322,1761,0.254476584022039,31,"large",1
"405",323,1658,0.267234988880652,11,"large",1
"406",324,561,0.26174981923355,13,"large",1
"407",325,2109,0.260558339298497,15,"large",1
"408",326,1049,0.261896243291592,15,"large",1
"409",327,935,0.256276150627615,22,"large",1
"410",328,334,0.253880648499482,25,"large",1
"411",329,383,0.262378026743766,14,"large",1
"412",330,384,0.265268579838116,8,"large",1
"413",331,385,0.257052186177715,19,"large",1
"414",332,367,0.255003450655625,26,"large",1
"415",333,388,0.258626823194593,11,"large",1
"416",334,389,0.265729089563286,10,"large",1
"417",335,392,0.260405549626467,11,"large",1
"418",336,394,0.266913123844732,12,"large",1
"419",337,395,0.255482074486599,18,"large",1
"420",338,397,0.265246142542248,6,"large",1
"421",339,398,0.261228889687388,10,"large",1
"422",340,399,0.262135922330097,9,"large",1
"423",341,401,0.256771016531833,19,"large",1
"424",342,767,0.258632840028189,15,"large",1
"425",343,831,0.262640960349218,11,"large",1
"426",344,336,0.260525368837711,12,"large",1
"427",345,370,0.254249046132501,27,"large",1
"428",346,837,0.260495156081808,14,"large",1
"429",347,702,0.257443082311734,20,"large",1
"430",348,1636,0.254840940525588,24,"large",1
"431",349,1175,0.256822953114066,17,"large",1
"432",350,1968,0.274088291746641,8,"large",1
"433",351,769,0.253356282271945,31,"large",1
"434",352,225,0.260191421481744,21,"large",1
"435",353,1969,0.263837638376384,11,"large",1
"436",354,347,0.266519010705057,7,"large",1
"437",355,1953,0.254766031195841,25,"large",1
"438",356,1383,0.254067151263413,24,"large",1
"439",357,471,0.253886010362694,29,"large",1
"440",358,1537,0.258919109855175,17,"large",1
"441",359,1408,0.273211567732116,6,"large",1
"442",360,902,0.261132882080513,13,"large",1
"443",361,1022,0.281706835242987,5,"large",1
"444",362,1330,0.260113555713272,15,"large",1
"445",363,672,0.261554998208527,12,"large",1
"446",364,1712,0.265016381507099,10,"large",1
"447",365,1180,0.260390763765542,15,"large",1
"448",366,2200,0.26431718061674,10,"large",1
"449",367,1068,0.253291753291753,23,"large",1
"450",368,342,0.258383339216378,19,"large",1
"451",369,558,0.266567937800815,10,"large",1
"452",370,908,0.255084453636677,28,"large",1
"453",371,1452,0.256276150627615,22,"large",1
"454",372,635,0.265298644192012,9,"large",1
"455",373,1732,0.264275256222548,14,"large",1
"456",374,279,0.256410256410256,27,"large",1
"457",375,1099,0.256893542757417,23,"large",1
"458",376,2570,0.270011489850632,7,"large",1
"459",377,1315,0.266195085629188,10,"large",1
"460",378,338,0.25893172974885,21,"large",1
"461",379,917,0.256553652569032,19,"large",1
"462",380,751,0.254413291796469,23,"large",1
"463",381,1454,0.265117994100295,8,"large",1
"464",382,1219,0.259087669280114,14,"large",1
"465",383,2388,0.275835275835276,6,"large",1
"466",384,663,0.267558528428094,7,"large",1
"467",385,976,0.2654478976234,10,"large",1
"468",386,1943,0.26228323699422,15,"large",1
"469",387,1106,0.267311988086374,10,"large",1
"470",388,302,0.271244309559939,5,"large",1
"471",389,1275,0.258179231863442,17,"large",1
"472",390,1473,0.267937219730942,10,"large",1
"473",391,1701,0.264523200584582,13,"large",1
"474",392,315,0.257881686149486,17,"large",1
"475",393,1306,0.268567141785446,11,"large",1
"476",394,194,0.255830142707971,23,"large",1
"477",395,1178,0.255215577190542,24,"large",1
"478",396,2702,0.27466456195738,10,"large",1
"479",397,1161,0.271604938271605,7,"large",1
"480",398,1963,0.272936660268714,7,"large",1
"481",399,956,0.262034020991676,13,"large",1
"482",400,2400,0.260714285714286,10,"large",1
"483",401,554,0.256195462478185,15,"large",1
"484",402,586,0.260049804340093,19,"large",1
"485",403,457,0.255927475592748,24,"large",1
"486",404,1103,0.263520871143376,10,"large",1
"487",405,1578,0.256204124432017,19,"large",1
"488",406,1389,0.266447368421053,11,"large",1
"489",407,756,0.268283440697234,8,"large",1
"490",408,2736,0.26977455101261,5,"large",1
"491",409,1681,0.270928462709285,5,"large",1
"492",410,920,0.261588214157384,11,"large",1
"493",411,1360,0.258098591549296,21,"large",1
"494",412,206,0.266468180126535,14,"large",1
"495",413,209,0.265934065934066,17,"large",1
"496",414,974,0.262083780880773,15,"large",1
"497",415,900,0.26858423608517,8,"large",1
"498",416,306,0.257634257634258,17,"large",1
"499",417,606,0.264780558578165,11,"large",1
"500",418,858,0.264608599779493,8,"large",1
"501",419,217,0.26174981923355,14,"large",1
"502",420,714,0.257724719101124,22,"large",1
"503",421,374,0.264130434782609,12,"large",1
"504",422,1758,0.254067151263413,23,"large",1
"505",423,816,0.258517737969793,20,"large",1
"506",424,1926,0.26664241542379,9,"large",1
"507",425,1555,0.267626430417128,7,"large",1
"508",426,1335,0.284653465346535,5,"large",1
"509",427,919,0.263964950711939,12,"large",1
"510",428,1094,0.270086759713316,9,"large",1
"511",429,1484,0.257607926397735,18,"large",1
"512",430,1628,0.2768383798663,5,"large",1
"513",431,722,0.266813671444322,11,"large",1
"514",432,227,0.2703607288955,8,"large",1
"515",433,359,0.255773268019594,24,"large",1
"516",434,1630,0.263003663003663,10,"large",1
"517",435,1856,0.260107334525939,16,"large",1
"518",436,1327,0.262518409425626,7,"large",1
"519",437,1569,0.269763956538029,7,"large",1
"520",438,1274,0.258087201125176,17,"large",1
"521",439,371,0.26013024602026,12,"large",1
"522",440,548,0.262104113578449,12,"large",1
"523",441,232,0.269187145557656,10,"large",1
"524",442,2504,0.272055965798679,7,"large",1
"525",443,1345,0.274911382434029,7,"large",1
"526",444,2146,0.266493699036323,12,"large",1
"527",445,341,0.265042451088963,10,"large",1
"528",446,1170,0.262146482958666,12,"large",1
"529",447,1067,0.261682242990654,14,"large",1
"530",448,981,0.258947368421053,14,"large",1
"531",449,1352,0.260269121813031,17,"large",1
"532",450,1457,0.28015873015873,7,"large",1
"533",451,2674,0.263315828957239,10,"large",1
"534",452,1140,0.254684247050659,27,"large",1
"535",453,1674,0.258442943476715,15,"large",1
"536",454,856,0.25948245303084,15,"large",1
"537",455,1011,0.265515975027543,13,"large",1
"538",456,568,0.259786476868327,17,"large",1
"539",457,249,0.257342657342657,20,"large",1
"540",458,2598,0.256822953114066,22,"large",1
"541",459,628,0.258982568480968,17,"large",1
"542",460,472,0.257804279200281,15,"large",1
"543",461,2326,0.269245499808502,9,"large",1
"544",462,2582,0.262776368249366,9,"large",1
"545",463,975,0.257894736842105,18,"large",1
"546",464,799,0.256025148445686,20,"large",1
"547",465,1483,0.274716686205549,6,"large",1
"548",466,703,0.261071428571429,14,"large",1
"549",467,2705,0.26664116296863,6,"large",1
"550",468,366,0.261972837741244,12,"large",1
"551",469,505,0.261689017760058,12,"large",1
"552",470,1059,0.261274158911954,13,"large",1
"553",471,274,0.262910798122066,12,"large",1
"554",472,813,0.256080611535789,26,"large",1
"555",473,434,0.265914878137505,17,"large",1
"556",474,726,0.262177650429799,15,"large",1
"557",475,911,0.268932397487994,12,"large",1
"558",476,768,0.263619744058501,8,"large",1
"559",477,1127,0.261057173678533,12,"large",1
"560",478,784,0.263929618768328,7,"large",1
"561",479,719,0.259520451339915,15,"large",1
"562",480,943,0.256761503336846,21,"large",1
"563",481,1019,0.262684418855703,17,"large",1
"564",482,299,0.265425337714494,10,"large",1
"565",483,308,0.262549656915854,14,"large",1
"566",484,311,0.26355748373102,15,"large",1
"567",485,312,0.262929475587703,14,"large",1
"568",486,313,0.256752016836198,23,"large",1
"569",487,1295,0.25704347826087,26,"large",1
"570",488,1314,0.25972172672137,18,"large",1
"571",489,1188,0.261169633127497,11,"large",1
"572",490,1426,0.259102156238954,13,"large",1
"573",491,679,0.269216487189009,10,"large",1
"574",492,2448,0.260603882099209,12,"large",1
"575",493,1637,0.264941690962099,11,"large",1
"576",494,376,0.262509064539521,12,"large",1
"577",495,2713,0.270341207349081,7,"large",1
"578",496,1231,0.268729034662691,7,"large",1
"579",497,442,0.257162823200559,21,"large",1
"580",498,1976,0.264944649446494,11,"large",1
"581",499,823,0.25944404846757,15,"large",1
"582",500,1285,0.258245614035088,18,"large",1
"583",501,620,0.257985257985258,21,"large",1
"584",502,1850,0.257432668765303,19,"large",1
"585",503,1863,0.268882175226586,7,"large",1
"586",504,2664,0.268229166666667,8,"large",1
"587",505,1529,0.262948207171315,11,"large",1
"588",506,973,0.255134006265228,21,"large",1
"589",507,1057,0.264577259475219,13,"large",1
"590",508,2566,0.267532467532468,7,"large",1
"591",509,1169,0.266387195121951,8,"large",1
"592",510,579,0.253099173553719,31,"large",1
"593",511,1052,0.259193776520509,22,"large",1
"594",512,821,0.265729089563286,14,"large",1
"595",513,1703,0.262626262626263,13,"large",1
"596",514,1322,0.267141251405021,7,"large",1
"597",515,577,0.273595720290409,7,"large",1
"598",516,1401,0.262776368249366,13,"large",1
"599",517,2428,0.264716636197441,11,"large",1
"600",518,1217,0.2635998539613,13,"large",1
"601",519,2383,0.265619291194739,9,"large",1
"602",520,1108,0.266518188567186,9,"large",1
"603",521,675,0.262871646120377,13,"large",1
"604",522,1403,0.267998492272899,11,"large",1
"605",523,1874,0.271829916476841,7,"large",1
"606",524,1406,0.259272467902996,10,"large",1
"607",525,1456,0.270755422587883,6,"large",1
"608",526,2150,0.25796178343949,17,"large",1
"609",527,674,0.261472785485592,14,"large",1
"610",528,1249,0.260623229461756,26,"large",1
"611",529,1324,0.262815884476534,15,"large",1
"612",530,1004,0.260412893879029,9,"large",1
"613",531,1523,0.265579710144928,15,"large",1
"614",532,362,0.276911076443058,5,"large",1
"615",533,575,0.269684290604793,9,"large",1
"616",534,576,0.279475982532751,7,"large",1
"617",535,1511,0.269726858877086,6,"large",1
"618",536,1400,0.269012485811578,6,"large",1
"619",537,2615,0.276429130775254,5,"large",1
"620",538,1595,0.258075842696629,19,"large",1
"621",539,436,0.274373795761079,12,"large",1
"622",540,1461,0.259842519685039,14,"large",1
"623",541,1580,0.265752409191994,12,"large",1
"624",542,1365,0.262401150251618,12,"large",1
"625",543,1924,0.271368340360291,11,"large",1
"626",544,653,0.260450160771704,18,"large",1
"627",545,1675,0.269043151969981,10,"large",1
"628",546,1200,0.275526110678098,5,"large",1
"629",547,599,0.259298618490967,18,"large",1
"630",548,1116,0.268567141785446,9,"large",1
"631",549,440,0.26491293071508,11,"large",1
"632",550,1316,0.260885082084226,14,"large",1
"633",551,931,0.272379495026779,7,"large",1
"634",552,2263,0.276977015971952,6,"large",1
"635",553,1849,0.272312951006457,6,"large",1
"636",554,420,0.257332402234637,23,"large",1
"637",555,2145,0.285480572597137,6,"large",1
"638",556,634,0.260885082084226,14,"large",1
"639",557,1858,0.269538696149447,7,"large",1
"640",558,612,0.276722090261283,9,"large",1
"641",559,615,0.270730783794017,10,"large",1
"642",560,915,0.273993808049536,7,"large",1
"643",561,543,0.265980896399706,12,"large",1
"644",562,2413,0.286080273270709,7,"large",1
"645",563,454,0.26272103933598,20,"large",1
"646",564,897,0.269390843738176,7,"large",1
"647",565,1922,0.264459803564933,12,"large",1
"648",566,2378,0.271685135651509,7,"large",1
"649",567,1344,0.273284783441932,10,"large",1
"650",568,1501,0.260234959060164,17,"large",1
"651",569,1493,0.270730783794017,16,"large",1
"652",570,2756,0.270485584218513,7,"large",1
"653",571,895,0.255935754189944,21,"large",1
"654",572,473,0.264367816091954,9,"large",1
"655",573,1642,0.269345238095238,8,"large",1
"656",574,760,0.264417845484222,10,"large",1
"657",575,1148,0.261598857958601,13,"large",1
"658",576,673,0.26963746223565,8,"large",1
"659",577,1857,0.263858093126386,9,"large",1
"660",578,797,0.268419104035542,10,"large",1
"661",579,2229,0.278892455858748,6,"large",1
"662",580,504,0.268364710225175,11,"large",1
"663",581,907,0.277449822904368,8,"large",1
"664",582,2594,0.274125336409073,7,"large",1
"665",583,1029,0.273148148148148,5,"large",1
"666",584,1326,0.265441176470588,9,"large",1
"667",585,1402,0.278536977491961,6,"large",1
"668",586,537,0.275522270398108,5,"large",1
"669",587,1343,0.273547880690738,5,"large",1
"670",588,1794,0.266517357222844,9,"large",1
"671",589,1379,0.267937219730942,10,"large",1
"672",590,786,0.263368497635504,12,"large",1
"673",591,1948,0.267267267267267,9,"large",1
"674",592,1115,0.264034770010866,12,"large",1
"675",593,1437,0.279518072289157,6,"large",1
"676",594,2427,0.285418392709196,6,"large",1
"677",595,732,0.261692252766869,17,"large",1
"678",596,667,0.255201109570042,26,"large",1
"679",597,744,0.262853005068791,8,"large",1
"680",598,727,0.265051395007342,10,"large",1
"681",599,1023,0.271379703534778,6,"large",1
"682",600,1399,0.278395552025417,5,"large",1
"683",601,2059,0.265973254086181,11,"large",1
"684",602,2368,0.271070615034169,10,"large",1
"685",603,1168,0.266369047619048,10,"large",1
"686",604,1054,0.262413918086263,13,"large",1
"687",605,2612,0.26654478976234,8,"large",1
"688",606,852,0.265934065934066,9,"large",1
"689",607,1492,0.275384615384615,7,"large",1
"690",608,2430,0.267776096822995,6,"large",1
"691",609,1876,0.269158172895432,6,"large",1
"692",610,1301,0.272796352583587,7,"large",1
"693",611,2349,0.274332957534761,11,"large",1
"694",612,749,0.268247499073731,11,"large",1
"695",613,1260,0.264716636197441,10,"large",1
"696",614,819,0.264866836920832,10,"large",1
"697",615,996,0.26480203414457,10,"large",1
"698",616,1697,0.268866135760334,11,"large",1
"699",617,1245,0.263712313839448,13,"large",1
"700",618,1435,0.269012485811578,10,"large",1
"701",619,1538,0.264241087835355,9,"large",1
"702",620,2384,0.268456375838926,8,"large",1
"703",621,2759,0.280522662311147,6,"large",1
"704",622,1444,0.273491214667685,10,"large",1
"705",623,1085,0.268029739776952,10,"large",1
"706",0,2611,0.28643216080402,3,"small",2
"707",1,2138,0.329308452250274,2,"small",2
"708",2,2835,0.276284584980237,4,"small",2
"709",3,2636,0.296329057938965,3,"small",2
"710",4,1058,0.298376480912681,4,"small",2
"711",5,870,0.282672233820459,5,"small",2
"712",6,2582,0.279096924873492,7,"small",2
"713",7,87,0.27959595959596,5,"small",2
"714",8,1529,0.281213535589265,4,"small",2
"715",9,1932,0.274193548387097,7,"small",2
"716",10,1354,0.268651231165013,10,"small",2
"717",11,996,0.293205654354765,4,"small",2
"718",12,667,0.309289050337312,3,"small",2
"719",13,1854,0.289462547608972,5,"small",2
"720",14,1495,0.29272646140116,2,"small",2
"721",15,2507,0.279005524861878,7,"small",2
"722",16,1890,0.289956331877729,4,"small",2
"723",17,1980,0.269059955588453,7,"small",2
"724",18,2942,0.277431906614786,4,"small",2
"725",19,1676,0.275254502740799,4,"small",2
"726",20,2798,0.291896478574459,4,"small",2
"727",21,2656,0.313307130825379,2,"small",2
"728",22,1572,0.279728651237031,4,"small",2
"729",23,2575,0.273941243800076,4,"small",2
"730",24,1987,0.297613476836687,5,"small",2
"731",25,266,0.285534062237174,3,"small",2
"732",26,1452,0.274674827850038,4,"small",2
"733",27,1489,0.298486932599725,2,"small",2
"734",28,2880,0.27012987012987,7,"small",2
"735",29,1447,0.279314374756525,4,"small",2
"736",30,858,0.281829419035847,4,"small",2
"737",31,630,0.306889352818372,2,"small",2
"738",32,1450,0.299030918320258,3,"small",2
"739",33,1774,0.279790660225443,5,"small",2
"740",34,1948,0.277972709551657,4,"small",2
"741",35,1477,0.292460646230323,4,"small",2
"742",36,1442,0.281825460368295,3,"small",2
"743",37,2426,0.304540967423495,3,"small",2
"744",38,364,0.273318042813456,7,"small",2
"745",39,1406,0.28036638789327,5,"small",2
"746",40,1438,0.278941129988147,4,"small",2
"747",41,1642,0.284736206202175,2,"small",2
"748",42,1371,0.297694948504169,3,"small",2
"749",43,1481,0.285539714867617,4,"small",2
"750",44,1022,0.290719696969697,4,"small",2
"751",45,2409,0.285714285714286,5,"small",2
"752",46,1207,0.271877337322364,7,"small",2
"753",47,568,0.283870967741935,6,"small",2
"754",48,1338,0.292182827851346,7,"small",2
"755",49,2610,0.288917089678511,3,"small",2
"756",50,882,0.291199309749784,4,"small",2
"757",51,1021,0.311505507955936,4,"small",2
"758",52,1479,0.303689687795648,4,"small",2
"759",53,2296,0.287403179779861,4,"small",2
"760",54,2615,0.285422621478154,4,"small",2
"761",55,2808,0.290771175726928,3,"small",2
"762",56,2774,0.315114709851552,2,"small",2
"763",57,860,0.32461355529132,2,"small",2
"764",58,2314,0.294523699953981,5,"small",2
"765",59,1807,0.314871794871795,4,"small",2
"766",60,2097,0.280866721177432,4,"small",2
"767",61,1090,0.28733697938578,4,"small",2
"768",62,1119,0.289909015715467,4,"small",2
"769",63,1358,0.306935817805383,4,"small",2
"770",64,1260,0.279780564263323,5,"small",2
"771",65,1486,0.307058217413704,4,"small",2
"772",66,1815,0.3003300330033,4,"small",2
"773",67,2026,0.329601119664101,3,"small",2
"774",68,2398,0.311622683885458,3,"small",2
"775",0,2,0.258840169731259,16,"large",2
"776",1,3,0.25954738330976,21,"large",2
"777",2,56,0.260293591120659,14,"large",2
"778",3,116,0.254313319530711,36,"large",2
"779",4,118,0.259680284191829,19,"large",2
"780",5,121,0.259795270031768,23,"large",2
"781",6,123,0.258972554539057,18,"large",2
"782",7,1157,0.258584442887176,21,"large",2
"783",8,2344,0.262629881762809,16,"large",2
"784",9,200,0.257951765117092,25,"large",2
"785",10,383,0.255547850208044,30,"large",2
"786",11,1049,0.257951765117092,23,"large",2
"787",12,1016,0.268607221812822,12,"large",2
"788",13,878,0.260823278921221,19,"large",2
"789",14,1742,0.272269558481797,11,"large",2
"790",15,62,0.255644320944772,27,"large",2
"791",16,22,0.258222533240028,22,"large",2
"792",17,548,0.257591623036649,25,"large",2
"793",18,1849,0.262495505213952,16,"large",2
"794",19,1506,0.264205573651828,10,"large",2
"795",20,1235,0.25832457062741,25,"large",2
"796",21,2413,0.264652348016017,12,"large",2
"797",22,400,0.256588072122053,27,"large",2
"798",23,842,0.260346657233817,20,"large",2
"799",24,1220,0.262760603882099,18,"large",2
"800",25,102,0.260838663823738,16,"large",2
"801",26,1232,0.263386396526773,13,"large",2
"802",27,1725,0.259206798866856,18,"large",2
"803",28,1511,0.257894736842105,20,"large",2
"804",29,852,0.263309352517986,14,"large",2
"805",30,594,0.266081871345029,13,"large",2
"806",31,713,0.28001564333203,7,"large",2
"807",32,459,0.260761294912842,20,"large",2
"808",33,606,0.259887005649718,24,"large",2
"809",34,15,0.256813417190776,25,"large",2
"810",35,16,0.264055132390279,15,"large",2
"811",36,17,0.267055819044144,10,"large",2
"812",37,20,0.269924812030075,12,"large",2
"813",38,756,0.256517205422315,30,"large",2
"814",39,757,0.259023354564756,26,"large",2
"815",40,758,0.261505529789511,13,"large",2
"816",41,761,0.260730755587088,17,"large",2
"817",42,764,0.262549656915854,10,"large",2
"818",43,767,0.257332402234637,24,"large",2
"819",44,994,0.266739846322722,12,"large",2
"820",45,1548,0.257332402234637,26,"large",2
"821",46,832,0.256794425087108,22,"large",2
"822",47,1183,0.256072172102706,31,"large",2
"823",48,563,0.257332402234637,22,"large",2
"824",49,805,0.275345622119816,5,"large",2
"825",50,2537,0.272075471698113,9,"large",2
"826",51,691,0.272006044578768,10,"large",2
"827",52,2162,0.270381451009723,11,"large",2
"828",53,2639,0.264716504153124,14,"large",2
"829",54,1664,0.277304415182029,9,"large",2
"830",55,661,0.256794425087108,24,"large",2
"831",56,787,0.256597222222222,36,"large",2
"832",57,921,0.261828530771967,24,"large",2
"833",58,1397,0.263939174511224,16,"large",2
"834",59,2573,0.264178558360776,12,"large",2
"835",60,836,0.260558339298497,16,"large",2
"836",61,25,0.257850662944871,23,"large",2
"837",62,26,0.262742282842785,22,"large",2
"838",63,351,0.258765778401122,20,"large",2
"839",64,2059,0.271358675197591,7,"large",2
"840",65,849,0.25609756097561,27,"large",2
"841",66,1528,0.26186229040314,12,"large",2
"842",67,85,0.257474498768906,20,"large",2
"843",68,320,0.258053221288515,20,"large",2
"844",69,167,0.255636489767603,33,"large",2
"845",70,1502,0.273832875637505,8,"large",2
"846",71,480,0.26128688233203,14,"large",2
"847",72,386,0.259731068648266,17,"large",2
"848",73,1483,0.275075987841945,6,"large",2
"849",74,2231,0.289965986394558,6,"large",2
"850",75,1177,0.255105572862582,31,"large",2
"851",76,983,0.258301293254107,23,"large",2
"852",77,199,0.257894736842105,17,"large",2
"853",78,549,0.257073000349284,26,"large",2
"854",79,791,0.259324419422942,23,"large",2
"855",80,556,0.273072540827953,9,"large",2
"856",81,2168,0.269650244452802,10,"large",2
"857",82,2566,0.261648745519713,13,"large",2
"858",83,2681,0.270786516853933,7,"large",2
"859",84,2369,0.262135922330097,14,"large",2
"860",85,535,0.258155033321642,18,"large",2
"861",86,29,0.267785479751915,12,"large",2
"862",87,33,0.260148252735616,19,"large",2
"863",88,804,0.262289199856476,18,"large",2
"864",89,806,0.25448275862069,29,"large",2
"865",90,808,0.25742228431715,24,"large",2
"866",91,809,0.256723716381418,27,"large",2
"867",92,810,0.268428890543559,11,"large",2
"868",93,811,0.259731068648266,17,"large",2
"869",94,298,0.257252708843062,18,"large",2
"870",95,812,0.259063709961281,23,"large",2
"871",96,1410,0.258906525573192,17,"large",2
"872",97,1246,0.273868391023203,7,"large",2
"873",98,1059,0.263063707945598,20,"large",2
"874",99,225,0.262342342342342,16,"large",2
"875",100,1390,0.27007029226785,10,"large",2
"876",101,1029,0.257533286615277,20,"large",2
"877",102,2165,0.262893982808023,10,"large",2
"878",103,309,0.259836937256292,18,"large",2
"879",104,1425,0.269330373658898,11,"large",2
"880",105,1604,0.266276517922458,11,"large",2
"881",106,2609,0.275648470770422,5,"large",2
"882",107,378,0.256553652569032,24,"large",2
"883",108,2493,0.263649425287356,10,"large",2
"884",109,577,0.259588068181818,18,"large",2
"885",110,728,0.256526279150714,27,"large",2
"886",111,134,0.256606397774687,29,"large",2
"887",112,1775,0.258493870402802,21,"large",2
"888",113,1314,0.256535378180551,28,"large",2
"889",114,1388,0.258761061946903,17,"large",2
"890",115,1331,0.256535378180551,23,"large",2
"891",116,1161,0.259350741002117,17,"large",2
"892",117,2058,0.257951765117092,20,"large",2
"893",118,478,0.256686349426884,21,"large",2
"894",119,1146,0.263006817366344,12,"large",2
"895",120,1368,0.25591922005571,29,"large",2
"896",121,1372,0.270739064856712,11,"large",2
"897",122,1531,0.258608573436402,20,"large",2
"898",123,289,0.256624825662483,26,"large",2
"899",124,1710,0.260575897618201,19,"large",2
"900",125,1730,0.258087201125176,23,"large",2
"901",126,580,0.256152512998267,27,"large",2
"902",127,319,0.263328530259366,11,"large",2
"903",128,680,0.262032085561497,14,"large",2
"904",129,405,0.261039886039886,18,"large",2
"905",130,370,0.255289628858828,27,"large",2
"906",131,775,0.256695652173913,26,"large",2
"907",132,1057,0.263518385003605,13,"large",2
"908",133,1132,0.264450867052023,12,"large",2
"909",134,2360,0.257363253856942,22,"large",2
"910",135,47,0.266397947966288,14,"large",2
"911",136,1082,0.263214285714286,16,"large",2
"912",137,1294,0.26410998552822,11,"large",2
"913",138,952,0.262517882689557,17,"large",2
"914",139,618,0.257512229210342,19,"large",2
"915",140,1000,0.255983350676379,32,"large",2
"916",141,1271,0.272624859181374,8,"large",2
"917",142,1797,0.269374068554396,12,"large",2
"918",143,931,0.272969881814716,7,"large",2
"919",144,1465,0.258041958041958,28,"large",2
"920",145,1009,0.265003615328995,13,"large",2
"921",146,1133,0.260176991150442,16,"large",2
"922",147,1316,0.278599221789883,5,"large",2
"923",148,264,0.256723716381418,24,"large",2
"924",149,1808,0.268337633615923,13,"large",2
"925",150,1756,0.269503546099291,6,"large",2
"926",151,57,0.265642151481888,17,"large",2
"927",152,101,0.254407189768406,27,"large",2
"928",153,1760,0.276186739897999,7,"large",2
"929",154,229,0.260606060606061,20,"large",2
"930",155,1352,0.268573551263001,7,"large",2
"931",156,356,0.257273045916579,20,"large",2
"932",157,615,0.262705798138869,22,"large",2
"933",158,1847,0.273389570552147,6,"large",2
"934",159,2490,0.272417707150965,10,"large",2
"935",160,736,0.257985257985258,27,"large",2
"936",161,152,0.269646182495344,6,"large",2
"937",162,155,0.255267702936097,29,"large",2
"938",163,81,0.261400359066427,17,"large",2
"939",164,1191,0.272590926134233,11,"large",2
"940",165,712,0.262836624775584,17,"large",2
"941",166,1743,0.278436018957346,7,"large",2
"942",167,1559,0.256293706293706,19,"large",2
"943",168,1171,0.256267409470752,21,"large",2
"944",169,82,0.258075842696629,20,"large",2
"945",170,610,0.266666666666667,11,"large",2
"946",171,493,0.25678496868476,24,"large",2
"947",172,2727,0.277208201892744,9,"large",2
"948",173,1349,0.27027027027027,13,"large",2
"949",174,938,0.258584442887176,20,"large",2
"950",175,2148,0.265195369030391,13,"large",2
"951",176,2338,0.2654478976234,12,"large",2
"952",177,1883,0.270351008215086,10,"large",2
"953",178,777,0.264288314524936,13,"large",2
"954",179,326,0.255289628858828,25,"large",2
"955",180,1089,0.260225669957687,17,"large",2
"956",181,978,0.267595307917889,9,"large",2
"957",182,656,0.279446640316206,7,"large",2
"958",183,908,0.257322175732218,26,"large",2
"959",184,2150,0.270880361173815,9,"large",2
"960",185,685,0.262306863097377,16,"large",2
"961",186,831,0.266960029336267,14,"large",2
"962",187,937,0.255289628858828,26,"large",2
"963",188,377,0.262101111509502,14,"large",2
"964",189,83,0.256454989532449,24,"large",2
"965",190,92,0.255910987482615,31,"large",2
"966",191,95,0.257383966244726,20,"large",2
"967",192,127,0.259823008849558,19,"large",2
"968",193,132,0.259089304624073,16,"large",2
"969",194,133,0.260807937632884,13,"large",2
"970",195,137,0.269571639586411,8,"large",2
"971",196,141,0.257512229210342,23,"large",2
"972",197,142,0.25715282623866,29,"large",2
"973",198,687,0.276977015971952,9,"large",2
"974",199,1759,0.273110855389336,6,"large",2
"975",200,561,0.262666187567373,17,"large",2
"976",201,1567,0.270402406919895,9,"large",2
"977",202,1470,0.267548695332598,11,"large",2
"978",203,523,0.268892149669846,8,"large",2
"979",204,1431,0.262742282842785,14,"large",2
"980",205,1564,0.262818214413768,14,"large",2
"981",206,1813,0.263442800433057,13,"large",2
"982",207,569,0.261505529789511,15,"large",2
"983",208,318,0.275047619047619,6,"large",2
"984",209,634,0.270871985157699,13,"large",2
"985",210,552,0.265217391304348,12,"large",2
"986",211,571,0.256803907885555,18,"large",2
"987",212,2825,0.274003795066414,8,"large",2
"988",213,2200,0.266472515471423,14,"large",2
"989",214,827,0.260035523978686,16,"large",2
"990",215,1023,0.271161048689139,9,"large",2
"991",216,1091,0.263082437275986,12,"large",2
"992",217,470,0.268086669114947,10,"large",2
"993",218,396,0.264198418404026,10,"large",2
"994",219,380,0.265143271672107,10,"large",2
"995",220,244,0.258802816901408,20,"large",2
"996",221,376,0.254050327473285,36,"large",2
"997",222,932,0.259625574002119,19,"large",2
"998",223,2436,0.260761294912842,16,"large",2
"999",224,1293,0.258687258687259,16,"large",2
"1000",225,1950,0.256169621133125,25,"large",2
"1001",226,948,0.256794425087108,24,"large",2
"1002",227,2580,0.273914713791779,5,"large",2
"1003",228,1449,0.267751479289941,12,"large",2
"1004",229,369,0.25832457062741,23,"large",2
"1005",230,332,0.262236513040372,12,"large",2
"1006",231,174,0.261887608069164,11,"large",2
"1007",232,379,0.260530973451327,19,"large",2
"1008",233,365,0.258517737969793,23,"large",2
"1009",234,388,0.257793345008757,21,"large",2
"1010",235,1530,0.256686349426884,24,"large",2
"1011",236,2159,0.29343128781331,5,"large",2
"1012",237,1328,0.265148733015057,11,"large",2
"1013",238,941,0.256330211585154,32,"large",2
"1014",239,2359,0.268729034662691,8,"large",2
"1015",240,2291,0.273595720290409,11,"large",2
"1016",241,1395,0.263045032165833,15,"large",2
"1017",242,1962,0.258315640481246,12,"large",2
"1018",243,1574,0.261989978525412,16,"large",2
"1019",244,432,0.260308354248835,13,"large",2
"1020",245,251,0.266008049762166,13,"large",2
"1021",246,1978,0.264048991354467,15,"large",2
"1022",247,820,0.255282299965362,24,"large",2
"1023",248,589,0.263933836749371,14,"large",2
"1024",249,353,0.261582323592302,17,"large",2
"1025",250,1443,0.257332402234637,20,"large",2
"1026",251,675,0.259259259259259,20,"large",2
"1027",252,792,0.257804279200281,22,"large",2
"1028",253,479,0.263215061549602,12,"large",2
"1029",254,238,0.260884955752212,18,"large",2
"1030",255,417,0.259207295685724,21,"large",2
"1031",256,515,0.254746289264757,33,"large",2
"1032",257,1432,0.266862170087977,8,"large",2
"1033",258,707,0.260516083421704,18,"large",2
"1034",259,2579,0.26913123844732,7,"large",2
"1035",260,1887,0.265942028985507,11,"large",2
"1036",261,2633,0.276407093292213,6,"large",2
"1037",262,443,0.258675078864353,24,"large",2
"1038",263,828,0.25616105518917,30,"large",2
"1039",264,1247,0.272449369507069,6,"large",2
"1040",265,1098,0.258632840028189,16,"large",2
"1041",266,333,0.262629881762809,13,"large",2
"1042",267,960,0.265584655108816,7,"large",2
"1043",268,946,0.26186229040314,18,"large",2
"1044",269,327,0.257162823200559,28,"large",2
"1045",270,2372,0.255741127348643,22,"large",2
"1046",271,1765,0.260220405261287,15,"large",2
"1047",272,947,0.258893976752378,22,"large",2
"1048",273,1035,0.259259259259259,18,"large",2
"1049",274,788,0.257894736842105,19,"large",2
"1050",275,1639,0.274691358024691,6,"large",2
"1051",276,414,0.266739446870451,12,"large",2
"1052",277,619,0.273520485584218,6,"large",2
"1053",278,2381,0.272484756097561,5,"large",2
"1054",279,1917,0.268945022288262,9,"large",2
"1055",280,296,0.256080611535789,26,"large",2
"1056",281,733,0.256267409470752,29,"large",2
"1057",282,793,0.261132882080513,16,"large",2
"1058",283,1067,0.26453488372093,10,"large",2
"1059",284,487,0.259350741002117,18,"large",2
"1060",285,2131,0.257894736842105,23,"large",2
"1061",286,2351,0.269404672192916,10,"large",2
"1062",287,671,0.270919324577861,7,"large",2
"1063",288,843,0.260064125400784,14,"large",2
"1064",289,223,0.256526279150714,28,"large",2
"1065",290,184,0.257172848145556,24,"large",2
"1066",291,986,0.265772298767223,9,"large",2
"1067",292,2225,0.262535816618911,15,"large",2
"1068",293,1192,0.25954738330976,17,"large",2
"1069",294,1405,0.270482603815937,8,"large",2
"1070",295,1785,0.266276517922458,10,"large",2
"1071",296,1433,0.272693032015066,8,"large",2
"1072",297,1892,0.27189292543021,8,"large",2
"1073",298,1360,0.261615439599714,13,"large",2
"1074",299,930,0.266078647556046,10,"large",2
"1075",300,1868,0.269959153360564,10,"large",2
"1076",301,1139,0.25823405746321,20,"large",2
"1077",302,1071,0.261828530771967,18,"large",2
"1078",303,1440,0.271326568959038,5,"large",2
"1079",304,1578,0.269870609981516,8,"large",2
"1080",305,442,0.267471642883278,12,"large",2
"1081",306,1031,0.261472785485592,19,"large",2
"1082",307,343,0.259758694109297,13,"large",2
"1083",308,1464,0.27004063538973,9,"large",2
"1084",309,338,0.267060125414976,8,"large",2
"1085",310,1490,0.257826239887443,20,"large",2
"1086",311,708,0.254847645429363,34,"large",2
"1087",312,850,0.258301293254107,23,"large",2
"1088",313,915,0.263309352517986,12,"large",2
"1089",314,542,0.256508156889969,31,"large",2
"1090",315,558,0.257283257283257,22,"large",2
"1091",316,271,0.262815884476534,11,"large",2
"1092",317,395,0.257543859649123,17,"large",2
"1093",318,321,0.257332402234637,24,"large",2
"1094",319,866,0.265653275425262,9,"large",2
"1095",320,2511,0.257782441413081,22,"large",2
"1096",321,1383,0.263138948884089,13,"large",2
"1097",322,2391,0.265016381507099,11,"large",2
"1098",323,2640,0.273972602739726,6,"large",2
"1099",324,2648,0.277756434882828,5,"large",2
"1100",325,2444,0.265744448489261,7,"large",2
"1101",326,956,0.268220495745468,11,"large",2
"1102",327,2677,0.26128688233203,14,"large",2
"1103",328,1040,0.258041958041958,20,"large",2
"1104",329,280,0.255983350676379,29,"large",2
"1105",330,1347,0.269888475836431,7,"large",2
"1106",331,418,0.261319073083779,16,"large",2
"1107",332,2448,0.263633080534489,11,"large",2
"1108",333,1348,0.262424025741866,14,"large",2
"1109",334,2415,0.268060139347268,6,"large",2
"1110",335,966,0.265358051617594,14,"large",2
"1111",336,863,0.258840169731259,17,"large",2
"1112",337,1627,0.259467040673212,18,"large",2
"1113",338,1853,0.263919016630513,10,"large",2
"1114",339,1240,0.267228739002933,10,"large",2
"1115",340,461,0.256072172102706,25,"large",2
"1116",341,1457,0.27070181953212,8,"large",2
"1117",342,2563,0.278520849724626,5,"large",2
"1118",343,1750,0.264471780028944,13,"large",2
"1119",344,1593,0.260211267605634,20,"large",2
"1120",345,1325,0.257411928845483,23,"large",2
"1121",346,2256,0.264363636363636,11,"large",2
"1122",347,496,0.260670194003527,16,"large",2
"1123",348,1728,0.263554757630162,15,"large",2
"1124",349,1869,0.264941690962099,14,"large",2
"1125",350,411,0.257634257634258,21,"large",2
"1126",351,288,0.257222415593456,22,"large",2
"1127",352,1444,0.269144981412639,7,"large",2
"1128",353,1074,0.258053221288515,25,"large",2
"1129",354,1931,0.264492753623188,8,"large",2
"1130",355,2277,0.269044964697139,7,"large",2
"1131",356,1366,0.257311977715877,26,"large",2
"1132",357,1422,0.259809119830329,20,"large",2
"1133",358,1083,0.265328467153285,13,"large",2
"1134",359,2710,0.282539682539683,8,"large",2
"1135",360,1520,0.257872638208537,18,"large",2
"1136",361,1037,0.259676284306826,24,"large",2
"1137",362,2278,0.261845386533666,23,"large",2
"1138",363,1143,0.271041898405636,12,"large",2
"1139",364,2770,0.27130898021309,7,"large",2
"1140",365,401,0.26063829787234,14,"large",2
"1141",366,2758,0.264770240700219,8,"large",2
"1142",367,2403,0.257242582897033,24,"large",2
"1143",368,1286,0.27438080495356,5,"large",2
"1144",369,2134,0.259985734664765,12,"large",2
"1145",370,1242,0.260298295454545,15,"large",2
"1146",371,2282,0.26302551203737,15,"large",2
"1147",372,660,0.262799856784819,15,"large",2
"1148",373,622,0.270771513353116,12,"large",2
"1149",374,2152,0.272196261682243,6,"large",2
"1150",375,1118,0.265493215988265,10,"large",2
"1151",376,273,0.261999278238903,16,"large",2
"1152",377,1160,0.268973214285714,10,"large",2
"1153",378,1379,0.267995570321152,9,"large",2
"1154",379,2073,0.263728323699422,15,"large",2
"1155",380,1545,0.259127968805388,16,"large",2
"1156",381,536,0.257242582897033,26,"large",2
"1157",382,744,0.260361317747078,19,"large",2
"1158",383,2042,0.267704857248795,11,"large",2
"1159",384,798,0.259272341928647,17,"large",2
"1160",385,957,0.263402430307362,14,"large",2
"1161",386,979,0.275412351361718,6,"large",2
"1162",387,1524,0.258944385405597,13,"large",2
"1163",388,897,0.264695144213216,14,"large",2
"1164",389,518,0.269360269360269,13,"large",2
"1165",390,830,0.263346470798997,16,"large",2
"1166",391,1244,0.263063063063063,16,"large",2
"1167",392,768,0.257522743177047,27,"large",2
"1168",393,613,0.264355362946912,14,"large",2
"1169",394,498,0.262818214413768,14,"large",2
"1170",395,692,0.264492753623188,15,"large",2
"1171",396,1184,0.263157894736842,14,"large",2
"1172",397,1620,0.266593727206419,9,"large",2
"1173",398,205,0.270290394638868,9,"large",2
"1174",399,1061,0.272284644194757,10,"large",2
"1175",400,2363,0.267699115044248,11,"large",2
"1176",401,362,0.263290229885057,12,"large",2
"1177",402,2446,0.264280549530007,11,"large",2
"1178",403,1010,0.259823008849558,20,"large",2
"1179",404,1318,0.260501235439463,17,"large",2
"1180",405,2303,0.27831715210356,7,"large",2
"1181",406,324,0.256615598885794,27,"large",2
"1182",407,2437,0.274599542334096,7,"large",2
"1183",408,1810,0.273827534039334,11,"large",2
"1184",409,964,0.265528514347984,14,"large",2
"1185",410,782,0.257815244116614,20,"large",2
"1186",411,507,0.268929503916449,8,"large",2
"1187",412,872,0.269088213491475,7,"large",2
"1188",413,873,0.277205040091638,9,"large",2
"1189",414,874,0.273378582202112,9,"large",2
"1190",415,877,0.265988372093023,9,"large",2
"1191",416,1745,0.268590455049944,11,"large",2
"1192",417,912,0.262684418855703,13,"large",2
"1193",418,741,0.258166491043203,25,"large",2
"1194",419,224,0.266202856096668,11,"large",2
"1195",420,1922,0.270209580838323,6,"large",2
"1196",421,1423,0.25663407821229,23,"large",2
"1197",422,1116,0.274971075973776,6,"large",2
"1198",423,1551,0.263636363636364,8,"large",2
"1199",424,447,0.269058295964126,7,"large",2
"1200",425,428,0.263252794807068,21,"large",2
"1201",426,2492,0.261955745895789,12,"large",2
"1202",427,1150,0.255991663772143,28,"large",2
"1203",428,731,0.262988176280903,14,"large",2
"1204",429,1295,0.271730914588057,6,"large",2
"1205",430,477,0.259507042253521,16,"large",2
"1206",431,737,0.26025459688826,21,"large",2
"1207",432,1386,0.267206477732794,9,"large",2
"1208",433,1827,0.260992907801418,15,"large",2
"1209",434,1535,0.263768115942029,13,"large",2
"1210",435,1170,0.26497277676951,9,"large",2
"1211",436,1439,0.262406283470189,15,"large",2
"1212",437,1565,0.268596555514841,10,"large",2
"1213",438,1297,0.277056277056277,6,"large",2
"1214",439,1092,0.273378582202112,8,"large",2
"1215",440,1989,0.269044964697139,9,"large",2
"1216",441,1846,0.274509803921569,9,"large",2
"1217",442,971,0.280237154150198,5,"large",2
"1218",443,448,0.264334655607645,15,"large",2
"1219",444,2260,0.277047913446677,11,"large",2
"1220",445,2591,0.267206477732794,9,"large",2
"1221",446,270,0.268518518518519,12,"large",2
"1222",447,1614,0.259893048128342,15,"large",2
"1223",448,1615,0.25970359915314,15,"large",2
"1224",449,1468,0.274990425124473,7,"large",2
"1225",450,1754,0.281040268456376,7,"large",2
"1226",451,1856,0.281089617054876,6,"large",2
"1227",452,2251,0.271028037383178,9,"large",2
"1228",453,1577,0.26236559139785,13,"large",2
"1229",454,1131,0.263044260525369,14,"large",2
"1230",455,2631,0.27483821850019,6,"large",2
"1231",456,341,0.265499635302699,10,"large",2
"1232",457,541,0.264450867052023,15,"large",2
"1233",458,1523,0.264502006566946,8,"large",2
"1234",459,2467,0.2879932829555,6,"large",2
"1235",460,2142,0.270330486446342,9,"large",2
"1236",461,285,0.262254025044723,15,"large",2
"1237",462,292,0.263308324401572,15,"large",2
"1238",463,294,0.256903180706047,25,"large",2
"1239",464,301,0.263347763347763,12,"large",2
"1240",465,416,0.272520817562453,11,"large",2
"1241",466,602,0.272521673577083,9,"large",2
"1242",467,527,0.258553791887125,15,"large",2
"1243",468,2586,0.271407297096054,9,"large",2
"1244",469,328,0.25859649122807,19,"large",2
"1245",470,2222,0.262201638760242,12,"large",2
"1246",471,678,0.262988176280903,10,"large",2
"1247",472,316,0.259469026548673,12,"large",2
"1248",473,1796,0.26527625320161,8,"large",2
"1249",474,339,0.255902777777778,24,"large",2
"1250",475,1949,0.257782441413081,20,"large",2
"1251",476,1757,0.268121301775148,7,"large",2
"1252",477,2613,0.282750203417413,5,"large",2
"1253",478,1221,0.269729529455354,11,"large",2
"1254",479,1946,0.264599855803893,12,"large",2
"1255",480,626,0.260668563300142,16,"large",2
"1256",481,1713,0.270421484520701,10,"large",2
"1257",482,2772,0.271563088512241,6,"large",2
"1258",483,2141,0.262836624775584,15,"large",2
"1259",484,1896,0.263347763347763,13,"large",2
"1260",485,742,0.261819484240688,12,"large",2
"1261",486,511,0.26128688233203,15,"large",2
"1262",487,1603,0.258041958041958,18,"large",2
"1263",488,2229,0.265187340851219,9,"large",2
"1264",489,2578,0.26423936553713,14,"large",2
"1265",490,1722,0.265003615328995,9,"large",2
"1266",491,1809,0.2689756816507,7,"large",2
"1267",492,497,0.273472429210134,9,"large",2
"1268",493,657,0.261238938053097,20,"large",2
"1269",494,1180,0.264759145237233,14,"large",2
"1270",495,2347,0.272036474164134,9,"large",2
"1271",496,312,0.257985257985258,21,"large",2
"1272",497,633,0.261879242586638,14,"large",2
"1273",498,797,0.275261324041812,7,"large",2
"1274",499,1714,0.260683760683761,14,"large",2
"1275",500,2829,0.266936671575847,8,"large",2
"1276",501,2584,0.266447368421053,9,"large",2
"1277",502,923,0.266642147848474,10,"large",2
"1278",503,1245,0.261306532663317,14,"large",2
"1279",504,984,0.265047135605511,11,"large",2
"1280",505,1053,0.257692307692308,26,"large",2
"1281",506,1203,0.258098591549296,23,"large",2
"1282",507,1588,0.263290229885057,14,"large",2
"1283",508,335,0.27046130952381,5,"large",2
"1284",509,342,0.262125534950071,16,"large",2
"1285",510,857,0.268033687294031,8,"large",2
"1286",511,679,0.26045357902197,16,"large",2
"1287",512,1554,0.261768901569187,9,"large",2
"1288",513,944,0.262388591800357,10,"large",2
"1289",514,1605,0.267403314917127,11,"large",2
"1290",515,664,0.266691394658754,11,"large",2
"1291",516,1015,0.266011644832606,13,"large",2
"1292",517,1861,0.262201638760242,14,"large",2
"1293",518,1303,0.264144144144144,10,"large",2
"1294",519,682,0.26654478976234,12,"large",2
"1295",520,2081,0.272727272727273,9,"large",2
"1296",521,2383,0.277080062794348,5,"large",2
"1297",522,2274,0.270342205323194,9,"large",2
"1298",523,1263,0.266886930983847,10,"large",2
"1299",524,2713,0.275395905755118,7,"large",2
"1300",525,1826,0.264405543398979,12,"large",2
"1301",526,2262,0.267250821467689,12,"large",2
"1302",527,394,0.272033574971385,10,"large",2
"1303",528,1014,0.270410048023642,7,"large",2
"1304",529,894,0.267615918218328,9,"large",2
"1305",530,1487,0.268337633615923,10,"large",2
"1306",531,654,0.261768901569187,14,"large",2
"1307",532,2524,0.269145802650957,9,"large",2
"1308",533,614,0.26355748373102,13,"large",2
"1309",534,355,0.264790764790765,10,"large",2
"1310",535,1128,0.258972554539057,20,"large",2
"1311",536,1660,0.259520451339915,17,"large",2
"1312",537,1355,0.270391061452514,8,"large",2
"1313",538,2128,0.266814486326681,9,"large",2
"1314",539,2136,0.263708513708514,15,"large",2
"1315",540,1732,0.26613197229311,12,"large",2
"1316",541,2375,0.266471449487555,8,"large",2
"1317",542,2068,0.268438786971172,7,"large",2
"1318",543,1493,0.270108492330715,9,"large",2
"1319",544,1126,0.267903525046382,5,"large",2
"1320",545,1926,0.267450404114622,7,"large",2
"1321",546,1453,0.287203001250521,6,"large",2
"1322",547,1333,0.27420604182804,10,"large",2
"1323",548,1066,0.261209964412811,12,"large",2
"1324",549,825,0.273759939416888,7,"large",2
"1325",550,1491,0.271199103474038,6,"large",2
"1326",551,2337,0.282030620467365,8,"large",2
"1327",552,1647,0.261896243291592,12,"large",2
"1328",553,2290,0.265165274246277,15,"large",2
"1329",554,2140,0.270583832335329,9,"large",2
"1330",555,1904,0.280840936136454,5,"large",2
"1331",556,1136,0.257591623036649,23,"large",2
"1332",557,1038,0.267739575713241,8,"large",2
"1333",558,2605,0.264907842428623,9,"large",2
"1334",559,1740,0.271586154431343,9,"large",2
"1335",560,2003,0.26882923191648,7,"large",2
"1336",561,927,0.27012791572611,7,"large",2
"1337",562,1912,0.271059528266567,9,"large",2
"1338",563,1927,0.270841192003018,11,"large",2
"1339",564,953,0.267279411764706,14,"large",2
"1340",565,1421,0.261675579322638,11,"large",2
"1341",566,601,0.259533898305085,25,"large",2
"1342",567,2585,0.263440860215054,12,"large",2
"1343",568,2287,0.269876819708847,9,"large",2
"1344",569,1313,0.272106261859583,5,"large",2
"1345",570,889,0.263574253865516,15,"large",2
"1346",571,1476,0.268256333830104,9,"large",2
"1347",572,1114,0.269503546099291,7,"large",2
"1348",573,1781,0.267030965391621,11,"large",2
"1349",574,1875,0.278395552025417,7,"large",2
"1350",575,500,0.273240496800903,10,"large",2
"1351",576,642,0.269474468878121,8,"large",2
"1352",577,886,0.268473821017453,10,"large",2
"1353",578,2629,0.26466275659824,11,"large",2
"1354",579,2785,0.269018743109151,8,"large",2
"1355",580,2396,0.262666187567373,14,"large",2
"1356",581,540,0.263974035340786,12,"large",2
"1357",582,579,0.265772298767223,10,"large",2
"1358",583,560,0.260283687943262,15,"large",2
"1359",584,582,0.261598857958601,16,"large",2
"1360",585,2755,0.282352941176471,5,"large",2
"1361",586,1048,0.279510461902882,9,"large",2
"1362",587,2572,0.262912482065997,11,"large",2
"1363",588,1210,0.26750648388292,9,"large",2
"1364",589,1835,0.270189802754001,7,"large",2
"1365",590,1908,0.26578073089701,10,"large",2
"1366",591,2759,0.27363184079602,5,"large",2
"1367",592,2545,0.265891754449691,14,"large",2
"1368",593,1550,0.265988372093023,8,"large",2
"1369",594,1339,0.268041237113402,7,"large",2
"1370",595,730,0.260543245175125,15,"large",2
"1371",596,734,0.270880361173815,9,"large",2
"1372",597,2534,0.271619047619048,10,"large",2
"1373",598,1402,0.264502006566946,11,"large",2
"1374",599,2083,0.274003795066414,11,"large",2
"1375",600,1829,0.278560250391236,6,"large",2
"1376",601,1159,0.274187380497132,10,"large",2
"1377",602,517,0.294170004450378,7,"large",2
"1378",603,1414,0.274815103152978,9,"large",2
"1379",604,526,0.2694165737644,11,"large",2
"1380",605,2412,0.270880361173815,8,"large",2
"1381",606,1656,0.269906542056075,10,"large",2
"1382",607,1311,0.260807937632884,13,"large",2
"1383",608,559,0.273139403097847,9,"large",2
"1384",609,2196,0.271218408147869,10,"large",2
"1385",610,1403,0.269144981412639,10,"large",2
"1386",611,547,0.280410742496051,11,"large",2
"1387",612,551,0.276512175962294,6,"large",2
"1388",613,826,0.26664241542379,10,"large",2
"1389",614,2428,0.269490254872564,8,"large",2
"1390",615,732,0.257974062390466,21,"large",2
"1391",616,673,0.270762229806598,8,"large",2
"1392",617,1696,0.272864132480241,10,"large",2
"1393",618,1903,0.284939507717981,5,"large",2
"1394",619,2547,0.27518332690081,7,"large",2
"1395",620,1185,0.262687634024303,13,"large",2
"1396",621,2394,0.284733441033926,5,"large",2
"1397",622,967,0.265949554896142,7,"large",2
"1398",623,883,0.277538220305762,7,"large",2
"1399",624,749,0.271726755218216,7,"large",2
"1400",625,609,0.27023988005997,10,"large",2
"1401",626,1120,0.273914713791779,9,"large",2
"1402",627,904,0.273740868896578,6,"large",2
"1403",628,1342,0.271362586605081,9,"large",2
"1404",629,645,0.26786368633199,9,"large",2
"1405",630,647,0.268491124260355,8,"large",2
"1406",631,693,0.2755845151399,9,"large",2
"1407",632,2007,0.280507131537242,7,"large",2
"1408",633,1884,0.274150439098893,10,"large",2
"1409",634,2335,0.289473684210526,6,"large",2
"1410",635,896,0.274346343311861,7,"large",2
"1411",636,1319,0.278014734393176,6,"large",2
"1412",637,2374,0.271294559099437,9,"large",2
"1413",638,2261,0.265373352855051,11,"large",2
"1414",639,1329,0.276964560862866,9,"large",2
"1415",640,1174,0.264737793851718,10,"large",2
"1416",641,1873,0.276049766718507,9,"large",2
"1417",642,1773,0.277992277992278,5,"large",2
"1418",643,907,0.268094534711965,9,"large",2
"1419",644,2387,0.279617072197846,5,"large",2
"1420",645,928,0.26852886405959,14,"large",2
"1421",646,2414,0.274599542334096,8,"large",2
"1422",647,940,0.286995515695067,6,"large",2
"1423",648,1942,0.279641185647426,9,"large",2
"1424",649,1697,0.274162495186754,10,"large",2
"1425",650,1802,0.279780564263323,8,"large",2
