,node,degree
2633,2634,1
1745,1746,1
1170,1171,1
490,491,1
628,629,1
977,978,1
974,975,1
982,983,1
983,984,1
985,986,1
988,989,1
1388,1389,1
990,991,1
997,998,1
1000,1001,1
2889,2890,1
1214,1215,1
1817,1818,1
1025,1026,1
540,541,1
1027,1028,1
1029,1030,1
1767,1768,1
996,997,1
1034,1035,1
1150,1151,1
448,449,1
818,819,1
1913,1914,1
279,280,1
276,277,1
2618,2619,1
273,274,1
272,273,1
614,615,1
267,268,1
263,264,1
495,496,1
1041,1042,1
256,257,1
895,896,1
252,253,1
913,914,1
251,252,1
250,251,1
1480,1481,1
2026,2027,1
1145,1146,1
1200,1201,1
118,119,1
815,816,1
1035,1036,1
1043,1044,1
1143,1144,1
1146,1147,1
1152,1153,1
37,38,1
1155,1156,1
1162,1163,1
1163,1164,1
1758,1759,1
38,39,1
1174,1175,1
40,41,1
1690,1691,1
1217,1218,1
1180,1181,1
416,417,1
531,532,1
1509,1510,1
1187,1188,1
1122,1123,1
1193,1194,1
30,31,1
1199,1200,1
35,36,1
1036,1037,1
413,414,1
543,544,1
1044,1045,1
1045,1046,1
1755,1756,1
1047,1048,1
488,489,1
1052,1053,1
487,488,1
2164,2165,1
1173,1174,1
1984,1985,1
41,42,1
2671,2672,1
2456,2457,1
438,439,1
1498,1499,1
1221,1222,1
482,483,1
481,482,1
45,46,1
1123,1124,1
43,44,1
1829,1830,1
2189,2190,1
811,812,1
810,811,1
804,805,1
368,369,1
609,610,1
991,992,1
984,985,1
364,365,1
621,622,1
2000,2001,1
359,360,1
356,357,1
2617,2618,1
391,392,1
354,355,1
353,354,1
2014,2015,1
522,523,1
813,814,1
1980,1981,1
1703,1704,1
442,443,1
2074,2075,1
753,754,1
556,557,1
1032,1033,1
2496,2497,1
527,528,1
602,603,1
544,545,1
545,546,1
547,548,1
2181,2182,1
550,551,1
551,552,1
1182,1183,1
383,384,1
561,562,1
388,389,1
603,604,1
380,381,1
570,571,1
378,379,1
576,577,1
577,578,1
375,376,1
582,583,1
586,587,1
994,995,1
596,597,1
599,600,1
568,569,1
1030,1031,1
1997,1998,1
755,756,1
992,993,1
501,502,1
757,758,1
790,791,1
759,760,1
760,761,1
762,763,1
763,764,1
765,766,1
1809,1810,1
749,750,1
772,773,1
776,777,1
1165,1166,1
377,378,1
2008,2009,1
2434,2435,1
980,981,1
796,797,1
798,799,1
802,803,1
732,733,1
774,775,1
502,503,1
747,748,1
1756,1757,1
397,398,1
1503,1504,1
2437,2438,1
1757,1758,1
400,401,1
506,507,1
1534,1535,1
2442,2443,1
769,770,1
1988,1989,1
401,402,1
712,713,1
719,720,1
403,404,1
726,727,1
729,730,1
731,732,1
733,734,1
736,737,1
737,738,1
404,405,1
1836,1837,1
741,742,1
29,30,1
431,432,1
539,540,1
2639,2640,1
2185,2186,1
1702,1703,1
2015,2016,1
1694,1695,1
1530,1531,1
1236,1237,1
1692,1693,1
1845,1846,1
1987,1988,1
1500,1501,1
1506,1507,1
1837,1838,1
257,258,1
1685,1686,1
1514,1515,1
1516,1517,1
1517,1518,1
2435,2436,1
1966,1967,1
1679,1680,1
1682,1683,1
428,429,1
1524,1525,1
1994,1995,1
2187,2188,1
1680,1681,1
1705,1706,1
2193,2194,1
1763,1764,1
1764,1765,1
2436,2437,1
2450,2451,1
2441,2442,1
2188,2189,1
12,13,1
426,427,1
1487,1488,1
1821,1822,1
1811,1812,1
1769,1770,1
8,9,1
1742,1743,1
1818,1819,1
1819,1820,1
1491,1492,1
1823,1824,1
1496,1497,1
1497,1498,1
1832,1833,1
1972,1973,1
1834,1835,1
2199,2200,1
1815,1816,1
1996,1997,1
1982,1983,1
1923,1924,1
2196,2197,1
2203,2204,1
2204,2205,1
1235,1236,1
1686,1687,1
2025,2026,1
2403,2404,1
1743,1744,1
419,420,1
1228,1229,1
1223,1224,1
2191,2192,1
1166,1167,1
528,529,1
505,506,1
1744,1745,1
2443,2444,1
2444,2445,1
1207,1208,1
2880,2881,1
2620,2621,1
2554,2555,1
2009,2010,1
2192,2193,1
1215,1216,1
1645,1646,1
1536,1537,1
2190,2191,1
1677,1678,1
1704,1705,1
1675,1676,1
1810,1811,1
21,22,1
2002,2003,1
2011,2012,1
2622,2623,1
718,719,1
1525,1526,1
2628,2629,1
2202,2203,1
1688,1689,1
2024,2025,1
1754,1755,1
1535,1536,1
440,441,1
1330,1331,1
2176,2177,1
1488,1489,1
1768,1769,1
2635,2636,1
2010,2011,1
1639,1640,2
1753,1754,2
477,478,2
1237,1238,2
778,779,2
587,588,2
892,893,2
1172,1173,2
2549,2550,2
2893,2894,2
2553,2554,2
1924,1925,2
2079,2080,2
2555,2556,2
738,739,2
1822,1823,2
1113,1114,2
619,620,2
366,367,2
613,614,2
608,609,2
730,731,2
605,606,2
2018,2019,2
503,504,2
590,591,2
2212,2213,2
2088,2089,2
580,581,2
573,574,2
569,570,2
564,565,2
379,380,2
560,561,2
2447,2448,2
534,535,2
549,550,2
2892,2893,2
361,362,2
1762,1763,2
654,655,2
1931,1932,2
1511,1512,2
2812,2813,2
2894,2895,2
2004,2005,2
2194,2195,2
896,897,2
1986,1987,2
578,579,2
2899,2900,2
2906,2907,2
1826,1827,2
434,435,2
735,736,2
1118,1119,2
1128,1129,2
1234,1235,2
363,364,2
1748,1749,2
1507,1508,2
1378,1379,2
2731,2732,2
589,590,2
1927,1928,2
2538,2539,2
1852,1853,2
1649,1650,2
1001,1002,2
581,582,2
1828,1829,2
993,994,2
486,487,2
931,932,2
248,249,2
915,916,2
1676,1677,2
995,996,2
220,221,2
612,613,2
2915,2916,2
47,48,2
1522,1523,2
1106,1107,2
494,495,2
412,413,2
1979,1980,2
1147,1148,2
2438,2439,2
2132,2133,2
2492,2493,2
2629,2630,2
2802,2803,2
2540,2541,2
1641,1642,2
222,223,2
1392,1393,2
1912,1913,2
1148,1149,2
1540,1541,2
2486,2487,2
1206,1207,2
2811,2812,2
1816,1817,2
31,32,2
268,269,2
1042,1043,2
253,254,2
2536,2537,2
370,371,2
1970,1971,2
1681,1682,2
254,255,2
258,259,2
2501,2502,2
497,498,2
976,977,2
34,35,2
1227,1228,2
418,419,2
2488,2489,2
1513,1514,2
2174,2175,3
2803,2804,3
1474,1475,3
357,358,3
2820,2821,3
2455,2456,3
720,721,3
2487,2488,3
2019,2020,3
2006,2007,3
2901,2902,3
889,890,3
2806,2807,3
725,726,3
2156,2157,3
1921,1922,3
2182,2183,3
392,393,3
998,999,3
2432,2433,3
1492,1493,3
19,20,3
456,457,3
1969,1970,3
521,522,3
48,49,3
2916,2917,3
899,900,3
601,602,3
563,564,3
203,204,3
2372,2373,3
2100,2101,3
1993,1994,3
1216,1217,3
1192,1193,3
555,556,3
809,810,3
32,33,3
557,558,3
385,386,3
2195,2196,3
2371,2372,3
2541,2542,3
386,387,3
2530,2531,3
620,621,3
25,26,3
24,25,3
2502,2503,3
2429,2430,3
367,368,3
986,987,3
44,45,3
1335,1336,3
2012,2013,3
606,607,3
42,43,3
1914,1915,3
415,416,3
1493,1494,3
594,595,3
591,592,3
588,589,3
23,24,3
1156,1157,3
199,200,3
2550,2551,3
1031,1032,3
1518,1519,3
529,530,3
1915,1916,3
1910,1911,3
2356,2357,3
2908,2909,3
1225,1226,3
2613,2614,3
1126,1127,3
13,14,3
1105,1106,3
2020,2021,3
1486,1487,3
1212,1213,3
2146,2147,3
2483,2484,3
1374,1375,3
1024,1025,3
2809,2810,3
1750,1751,3
1838,1839,3
2143,2144,3
274,275,3
271,272,3
278,279,3
2022,2023,3
770,771,3
805,806,3
1117,1118,3
2084,2085,3
739,740,3
1132,1133,3
2732,2733,3
1144,1145,3
262,263,3
728,729,3
393,394,3
900,901,3
905,906,3
766,767,3
1638,1639,3
2539,2540,3
2498,2499,3
2197,2198,3
1521,1522,3
1494,1495,3
321,322,3
575,576,3
441,442,3
2232,2233,3
585,586,3
180,181,3
1833,1834,3
2225,2226,3
1189,1190,3
1659,1660,3
1110,1111,3
1050,1051,3
1830,1831,3
1222,1223,3
715,716,3
2681,2682,3
395,396,3
824,825,3
2150,2151,3
2005,2006,3
1835,1836,3
2147,2148,3
2454,2455,3
1653,1654,3
801,802,3
2489,2490,3
2152,2153,3
2911,2912,3
423,424,3
2896,2897,3
2669,2670,3
9,10,3
328,329,3
2895,2896,3
2545,2546,3
1499,1500,3
538,539,4
571,572,4
425,426,4
1974,1975,4
936,937,4
1495,1496,4
989,990,4
422,423,4
2816,2817,4
1040,1041,4
387,388,4
2907,2908,4
1695,1696,4
2141,2142,4
2151,2152,4
635,636,4
213,214,4
214,215,4
215,216,4
218,219,4
2138,2139,4
535,536,4
1239,1240,4
2666,2667,4
204,205,4
1201,1202,4
2897,2898,4
2807,2808,4
912,913,4
1092,1093,4
1842,1843,4
219,220,4
2021,2022,4
123,124,4
1191,1192,4
2750,2751,4
1978,1979,4
196,197,4
1393,1394,4
2491,2492,4
1458,1459,4
1771,1772,4
1716,1717,4
2112,2113,4
1640,1641,4
1490,1491,4
201,202,4
2627,2628,4
2808,2809,4
909,910,4
1968,1969,4
1820,1821,4
1505,1506,4
1655,1656,4
1657,1658,4
2140,2141,4
2542,2543,4
1697,1698,4
2912,2913,4
1701,1702,4
2426,2427,4
1275,1276,4
2080,2081,4
903,904,4
2497,2498,4
2094,2095,4
2902,2903,4
2821,2822,4
2686,2687,4
902,903,4
1129,1130,4
369,370,4
406,407,4
1375,1376,4
2636,2637,4
374,375,4
382,383,4
384,385,4
347,348,4
2611,2612,4
854,855,4
554,555,4
2632,2633,4
249,250,4
565,566,4
888,889,4
1515,1516,4
270,271,4
109,110,4
2770,2771,4
2144,2145,4
2145,2146,4
1696,1697,4
429,430,4
1185,1186,4
210,211,4
2357,2358,4
1916,1917,4
2007,2008,4
1028,1029,4
526,527,4
1930,1931,4
532,533,4
669,670,4
792,793,4
2548,2549,4
2485,2486,4
807,808,4
799,800,4
819,820,4
2625,2626,4
868,869,4
1111,1112,4
2023,2024,4
2759,2760,4
1627,1628,4
1662,1663,4
2615,2616,4
2825,2826,4
914,915,4
1699,1700,4
2914,2915,4
1907,1908,4
1120,1121,4
350,351,4
2721,2722,4
752,753,4
2634,2635,4
618,619,4
2211,2212,4
2427,2428,4
2610,2611,4
653,654,4
2157,2158,4
1218,1219,4
1824,1825,4
2180,2181,4
830,831,4
2815,2816,4
2823,2824,4
1230,1231,4
2431,2432,4
1269,1270,4
1510,1511,4
1264,1265,4
2614,2615,4
1656,1657,4
1208,1209,4
1385,1386,4
2638,2639,4
2017,2018,4
1396,1397,4
566,567,4
1461,1462,4
1633,1634,4
1827,1828,4
2534,2535,4
457,458,4
1929,1930,4
1390,1391,4
1691,1692,4
2224,2225,4
2687,2688,4
11,12,4
7,8,4
1841,1842,4
2364,2365,4
1,2,4
2205,2206,4
1439,1440,4
360,361,4
1260,1261,4
2016,2017,4
2179,2180,4
1076,1077,4
1109,1110,4
1121,1122,4
2890,2891,4
2184,2185,4
2137,2138,4
2370,2371,4
33,34,4
1527,1528,4
454,455,4
28,29,4
1209,1210,4
27,28,4
26,27,4
1238,1239,4
2556,2557,4
1760,1761,4
2479,2480,4
604,605,4
2482,2483,4
814,815,4
1039,1040,4
1528,1529,4
559,560,4
427,428,4
1967,1968,4
1999,2000,4
500,501,4
973,974,4
829,830,4
536,537,4
1700,1701,4
533,534,4
2481,2482,4
633,634,4
1917,1918,4
1112,1113,4
1115,1116,4
478,479,4
794,795,5
439,440,5
399,400,5
971,972,5
264,265,5
435,436,5
1484,1485,5
2351,2352,5
116,117,5
520,521,5
1481,1482,5
1650,1651,5
117,118,5
1176,1177,5
1436,1437,5
1168,1169,5
803,804,5
260,261,5
1194,1195,5
979,980,5
898,899,5
907,908,5
1157,1158,5
1989,1990,5
908,909,5
1241,1242,5
2201,2202,5
499,500,5
217,218,5
1451,1452,5
2134,2135,5
514,515,5
1351,1352,5
137,138,5
1922,1923,5
1149,1150,5
2001,2002,5
2748,2749,5
115,116,5
2500,2501,5
2910,2911,5
2810,2811,5
1479,1480,5
2533,2534,5
1651,1652,5
1652,1653,5
2198,2199,5
775,776,5
2099,2100,5
999,1000,5
455,456,5
1749,1750,5
1831,1832,5
1759,1760,5
2637,2638,5
1752,1753,5
1902,1903,5
2531,2532,5
519,520,5
1049,1050,5
820,821,5
255,256,5
1643,1644,5
1678,1679,5
579,580,5
498,499,5
1648,1649,5
1485,1486,5
420,421,5
2222,2223,5
1116,1117,5
197,198,5
1334,1335,5
1127,1128,5
523,524,5
1179,1180,5
1048,1049,5
1706,1707,5
492,493,5
831,832,5
226,227,5
2747,2748,5
1023,1024,5
2814,2815,5
1532,1533,5
717,718,5
1519,1520,5
1539,1540,5
2677,2678,5
2898,2899,5
2142,2143,5
1265,1266,5
673,674,5
2133,2134,5
2229,2230,5
2682,2683,5
1840,1841,5
911,912,5
2404,2405,5
2050,2051,5
546,547,5
20,21,5
277,278,5
716,717,5
2904,2905,5
437,438,5
2153,2154,5
489,490,5
1229,1230,5
451,452,5
2937,2938,5
56,57,5
2361,2362,5
2135,2136,5
2503,2504,5
2400,2401,5
1878,1879,5
2547,2548,5
978,979,5
1911,1912,5
1002,1003,5
2440,2441,5
2360,2361,5
2352,2353,5
562,563,5
919,920,5
607,608,5
927,928,5
2640,2641,5
187,188,5
724,725,5
574,575,5
2093,2094,5
850,851,5
2097,2098,5
1195,1196,5
371,372,5
2154,2155,5
1183,1184,5
2905,2906,5
447,448,5
479,480,5
2557,2558,5
1395,1396,5
2449,2450,5
1687,1688,5
1033,1034,5
1698,1699,5
1196,1197,5
1654,1655,5
2612,2613,5
2394,2395,5
1158,1159,5
2086,2087,5
1233,1234,5
3,4,5
515,516,5
901,902,5
1538,1539,5
910,911,5
1973,1974,5
352,353,5
2003,2004,5
349,350,5
2078,2079,5
348,349,5
2766,2767,5
665,666,5
2626,2627,5
10,11,5
791,792,5
2673,2674,5
530,531,5
1389,1390,5
723,724,5
894,895,5
2178,2179,5
2495,2496,5
1125,1126,5
1153,1154,5
595,596,5
1906,1907,5
727,728,5
1177,1178,5
1181,1182,5
1090,1091,5
1476,1477,5
721,722,5
2408,2409,5
1348,1349,5
2451,2452,5
2075,2076,5
1526,1527,5
414,415,5
2236,2237,5
1161,1162,5
583,584,5
2827,2828,5
767,768,5
789,790,5
1926,1927,5
1114,1115,5
1186,1187,5
2888,2889,5
430,431,5
1087,1088,5
1203,1204,5
2227,2228,5
1843,1844,5
541,542,5
2688,2689,5
1531,1532,5
2760,2761,5
1689,1690,5
206,207,6
376,377,6
552,553,6
449,450,6
1219,1220,6
2231,2232,6
171,172,6
1305,1306,6
513,514,6
205,206,6
1726,1727,6
959,960,6
1489,1490,6
1874,1875,6
2707,2708,6
1879,1880,6
750,751,6
485,486,6
2900,2901,6
2350,2351,6
2445,2446,6
172,173,6
161,162,6
642,643,6
2755,2756,6
600,601,6
2728,2729,6
1038,1039,6
2891,2892,6
1523,1524,6
1761,1762,6
1369,1370,6
1664,1665,6
372,373,6
1202,1203,6
1617,1618,6
1512,1513,6
1107,1108,6
2353,2354,6
1615,1616,6
2801,2802,6
1566,1567,6
1171,1172,6
1693,1694,6
1932,1933,6
1211,1212,6
751,752,6
1684,1685,6
390,391,6
1232,1233,6
1100,1101,6
1205,1206,6
2268,2269,6
1502,1503,6
643,644,6
491,492,6
1377,1378,6
2490,2491,6
1501,1502,6
592,593,6
2374,2375,6
2578,2579,6
1151,1152,6
1990,1991,6
1472,1473,6
629,630,6
740,741,6
355,356,6
389,390,6
351,352,6
806,807,6
748,749,6
483,484,6
2546,2547,6
644,645,6
904,905,6
2903,2904,6
761,762,6
1981,1982,6
2452,2453,6
648,649,6
1371,1372,6
2685,2686,6
933,934,6
269,270,6
2734,2735,6
2493,2494,6
2964,2965,6
417,418,6
2813,2814,6
1397,1398,6
2433,2434,6
1376,1377,6
713,714,6
496,497,6
2155,2156,6
1139,1140,6
1102,1103,6
365,366,6
1274,1275,6
1263,1264,6
1626,1627,6
221,222,6
216,217,6
1124,1125,6
960,961,6
1746,1747,6
1336,1337,6
518,519,6
2662,2663,6
2936,2937,6
2837,2838,6
1683,1684,6
1329,1330,6
1086,1087,6
1925,1926,6
2306,2307,6
1270,1271,6
2818,2819,6
2826,2827,6
2428,2429,6
734,735,6
2148,2149,6
2930,2931,6
2095,2096,6
2139,2140,6
1985,1986,6
2363,2364,6
1438,1439,6
2378,2379,6
2726,2727,6
0,1,6
315,316,6
2713,2714,6
1477,1478,6
926,927,6
1747,1748,6
125,126,6
2409,2410,6
2077,2078,6
1361,1362,6
111,112,6
1441,1442,6
1814,1815,6
2083,2084,6
113,114,6
74,75,6
2710,2711,6
1529,1530,6
124,125,6
2679,2680,6
1570,1571,6
493,494,6
1875,1876,6
827,828,6
2307,2308,6
39,40,6
225,226,6
1780,1781,6
1243,1244,6
121,122,6
1613,1614,6
1352,1353,6
1368,1369,6
1908,1909,6
2513,2514,6
198,199,6
129,130,6
2819,2820,6
2425,2426,6
1167,1168,6
1226,1227,6
2457,2458,6
1918,1919,6
816,817,6
2828,2829,6
516,517,6
452,453,6
1213,1214,6
1414,1415,6
866,867,6
2624,2625,6
1391,1392,6
639,640,6
680,681,6
1588,1589,6
1103,1104,6
597,598,6
2043,2044,7
2149,2150,7
1333,1334,7
444,445,7
1154,1155,7
58,59,7
1268,1269,7
223,224,7
436,437,7
1909,1910,7
2090,2091,7
1673,1674,7
1995,1996,7
2683,2684,7
2381,2382,7
2765,2766,7
2965,2966,7
1245,1246,7
1963,1964,7
1372,1373,7
2453,2454,7
70,71,7
312,313,7
2296,2297,7
828,829,7
2477,2478,7
1964,1965,7
2247,2248,7
1141,1142,7
2623,2624,7
932,933,7
1291,1292,7
1943,1944,7
2082,2083,7
1812,1813,7
975,976,7
1991,1992,7
1920,1921,7
2913,2914,7
630,631,7
625,626,7
937,938,7
1068,1069,7
773,774,7
1952,1953,7
2963,2964,7
2619,2620,7
209,210,7
637,638,7
2166,2167,7
800,801,7
1992,1993,7
330,331,7
1660,1661,7
2200,2201,7
938,939,7
1104,1105,7
200,201,7
2817,2818,7
853,854,7
860,861,7
2092,2093,7
2797,2798,7
1266,1267,7
402,403,7
1220,1221,7
525,526,7
1057,1058,7
1338,1339,7
1896,1897,7
1661,1662,7
897,898,7
845,846,7
658,659,7
202,203,7
542,543,7
305,306,7
112,113,7
2909,2910,7
1674,1675,7
848,849,7
1975,1976,7
261,262,7
2922,2923,7
1850,1851,7
2544,2545,7
1306,1307,7
1178,1179,7
2269,2270,7
1542,1543,7
797,798,7
2587,2588,7
106,107,7
795,796,7
2446,2447,7
119,120,7
1751,1752,7
834,835,7
1593,1594,7
2298,2299,7
1596,1597,7
2552,2553,7
817,818,7
2948,2949,7
2233,2234,7
2736,2737,7
812,813,7
1961,1962,7
2393,2394,7
2641,2642,7
1459,1460,7
1770,1771,7
2565,2566,7
825,826,7
2532,2533,7
1644,1645,7
793,794,7
1586,1587,7
2822,2823,7
2717,2718,7
2402,2403,7
2376,2377,7
700,701,7
509,510,7
2480,2481,7
861,862,7
1417,1418,7
2751,2752,7
2938,2939,7
126,127,7
398,399,7
2832,2833,7
548,549,7
906,907,7
381,382,7
771,772,7
2183,2184,7
1067,1068,7
1605,1606,7
2724,2725,7
987,988,7
1508,1509,7
916,917,7
2478,2479,7
651,652,7
722,723,7
2616,2617,7
1470,1471,7
783,784,7
632,633,7
666,667,7
2220,2221,7
2461,2462,7
1294,1295,7
2860,2861,7
443,444,7
2927,2928,7
432,433,7
1891,1892,7
446,447,7
1360,1361,7
1394,1395,7
2674,2675,7
2013,2014,7
1885,1886,7
2216,2217,7
2165,2166,7
2511,2512,7
1075,1076,7
2642,2643,7
1119,1120,7
610,611,7
1765,1766,7
2630,2631,7
2668,2669,7
212,213,7
480,481,7
1198,1199,7
186,187,7
939,940,7
2384,2385,7
2652,2653,7
2392,2393,7
2621,2622,7
1611,1612,7
405,406,7
1520,1521,7
2312,2313,7
1130,1131,7
2158,2159,7
2663,2664,7
1204,1205,7
2464,2465,7
2458,2459,7
1069,1070,7
1248,1249,7
1965,1966,7
189,190,7
657,658,7
2218,2219,7
2667,2668,7
2109,2110,7
856,857,7
185,186,7
1614,1615,7
462,463,7
1443,1444,7
1169,1170,7
1259,1260,7
2940,2941,7
1888,1889,7
5,6,7
1642,1643,7
504,505,7
2391,2392,7
2279,2280,7
1533,1534,7
2551,2552,7
2468,2469,7
1953,1954,7
2715,2716,7
1983,1984,7
1647,1648,7
1725,1726,7
2033,2034,7
2,3,7
1108,1109,7
2684,2685,7
2383,2384,8
859,860,8
1363,1364,8
2161,2162,8
667,668,8
2163,2164,8
2949,2950,8
2537,2538,8
167,168,8
2504,2505,8
358,359,8
1355,1356,8
957,958,8
1825,1826,8
1612,1613,8
1416,1417,8
2952,2953,8
1646,1647,8
275,276,8
2678,2679,8
2804,2805,8
1900,1901,8
1928,1929,8
1504,1505,8
981,982,8
1347,1348,8
1800,1801,8
764,765,8
2831,2832,8
2703,2704,8
1606,1607,8
1339,1340,8
2505,2506,8
940,941,8
2448,2449,8
1610,1611,8
2796,2797,8
433,434,8
2460,2461,8
1381,1382,8
626,627,8
636,637,8
1637,1638,8
2076,2077,8
2733,2734,8
259,260,8
1160,1161,8
1450,1451,8
2575,2576,8
73,74,8
1224,1225,8
2848,2849,8
1072,1073,8
627,628,8
1956,1957,8
694,695,8
2462,2463,8
507,508,8
2570,2571,8
1603,1604,8
1849,1850,8
266,267,8
2217,2218,8
1367,1368,8
842,843,8
67,68,8
474,475,8
1326,1327,8
22,23,8
178,179,8
1282,1283,8
2295,2296,8
697,698,8
1462,1463,8
1016,1017,8
1308,1309,8
928,929,8
768,769,8
1884,1885,8
517,518,8
54,55,8
1311,1312,8
833,834,8
1624,1625,8
207,208,8
2846,2847,8
1941,1942,8
1545,1546,8
1869,1870,8
934,935,8
1919,1920,8
1590,1591,8
1663,1664,8
2506,2507,8
2096,2097,8
2543,2544,8
1140,1141,8
1537,1538,8
2507,2508,8
1569,1570,8
1847,1848,8
174,175,8
2918,2919,8
2876,2877,8
668,669,8
1599,1600,8
921,922,8
2824,2825,8
1142,1143,8
190,191,8
1433,1434,8
362,363,8
164,165,8
2761,2762,8
2186,2187,8
2373,2374,8
2240,2241,8
1903,1904,8
1801,1802,8
1435,1436,8
1890,1891,8
1562,1563,8
2115,2116,8
1295,1296,8
1046,1047,8
1541,1542,8
1894,1895,8
2168,2169,8
780,781,8
1955,1956,8
1159,1160,8
2763,2764,8
1064,1065,8
421,422,8
893,894,8
2439,2440,8
2645,2646,8
1101,1102,8
176,177,8
36,37,8
2571,2572,8
2676,2677,8
2396,2397,8
2829,2830,8
165,166,8
808,809,8
1713,1714,8
1901,1902,8
1475,1476,8
1293,1294,9
2287,2288,9
1482,1483,9
2038,2039,9
823,824,9
779,780,9
179,180,9
690,691,9
2514,2515,9
677,678,9
2875,2876,9
2699,2700,9
2285,2286,9
1418,1419,9
1724,1725,9
2792,2793,9
1616,1617,9
1345,1346,9
852,853,9
821,822,9
468,469,9
777,778,9
2110,2111,9
2934,2935,9
2398,2399,9
2764,2765,9
2085,2086,9
537,538,9
77,78,9
2226,2227,9
2568,2569,9
1938,1939,9
1846,1847,9
1629,1630,9
71,72,9
1773,1774,9
2087,2088,9
1188,1189,9
1998,1999,9
1803,1804,9
2214,2215,9
675,676,9
2704,2705,9
2044,2045,9
2585,2586,9
2323,2324,9
1349,1350,9
929,930,9
2289,2290,9
2390,2391,9
6,7,9
2723,2724,9
1440,1441,9
2359,2360,9
1387,1388,9
1778,1779,9
2672,2673,9
2056,2057,9
1905,1906,9
2045,2046,9
287,288,9
1962,1963,9
2234,2235,9
1880,1881,9
1723,1724,9
2727,2728,9
2729,2730,9
1571,1572,9
1331,1332,9
1839,1840,9
1635,1636,9
1231,1232,9
2223,2224,9
2291,2292,9
1595,1596,9
175,176,9
851,852,9
782,783,9
714,715,9
2967,2968,9
693,694,9
1608,1609,9
288,289,9
1844,1845,9
1131,1132,9
1278,1279,9
2309,2310,9
2256,2257,9
756,757,9
2091,2092,9
224,225,9
1060,1061,9
1261,1262,9
2836,2837,9
1434,1435,9
863,864,9
2499,2500,9
326,327,9
2355,2356,9
1887,1888,9
2762,2763,9
2749,2750,9
182,183,9
2098,2099,9
1448,1449,9
2377,2378,9
183,184,9
682,683,9
2754,2755,9
1240,1241,9
2471,2472,9
924,925,9
335,336,9
1544,1545,9
2278,2279,9
1302,1303,9
192,193,9
2670,2671,9
2882,2883,9
2793,2794,9
1977,1978,9
323,324,9
2237,2238,9
1940,1941,9
2215,2216,9
1267,1268,9
334,335,9
2297,2298,9
1247,1248,9
394,395,9
758,759,9
2380,2381,9
2266,2267,9
634,635,9
1889,1890,9
1262,1263,9
1797,1798,9
2362,2363,9
1882,1883,9
2302,2303,9
1727,1728,9
2230,2231,9
2584,2585,9
2720,2721,9
1382,1383,9
2535,2536,9
2159,2160,9
1936,1937,9
1579,1580,9
2795,2796,9
1597,1598,9
2562,2563,9
1715,1716,9
1564,1565,9
1271,1272,9
646,647,9
512,513,9
1350,1351,9
1899,1900,9
832,833,9
2228,2229,9
754,755,9
1175,1176,9
2694,2695,9
1340,1341,9
2284,2285,9
2257,2258,9
1766,1767,9
469,470,9
880,881,10
2920,2921,10
1365,1366,10
1362,1363,10
1460,1461,10
1895,1896,10
1246,1247,10
2424,2425,10
2631,2632,10
1093,1094,10
333,334,10
2561,2562,10
1190,1191,10
2259,2260,10
322,323,10
1483,1484,10
655,656,10
1059,1060,10
2280,2281,10
2646,2647,10
930,931,10
2459,2460,10
1085,1086,10
1607,1608,10
684,685,10
450,451,10
2581,2582,10
679,680,10
1631,1632,10
89,90,10
2951,2952,10
1872,1873,10
2588,2589,10
2354,2355,10
2101,2102,10
2111,2112,10
2794,2795,10
2245,2246,10
1848,1849,10
681,682,10
2655,2656,10
2303,2304,10
2358,2359,10
1877,1878,10
2696,2697,10
2208,2209,10
2272,2273,10
857,858,10
2680,2681,10
184,185,10
2029,2030,10
445,446,10
140,141,10
2933,2934,10
2805,2806,10
80,81,10
1575,1576,10
208,209,10
173,174,10
1280,1281,10
2283,2284,10
2579,2580,10
2509,2510,10
310,311,10
2261,2262,10
2286,2287,10
75,76,10
2293,2294,10
1300,1301,10
453,454,10
1290,1291,10
1343,1344,10
1332,1333,10
1386,1387,10
324,325,10
1079,1080,10
1242,1243,10
134,135,10
1432,1433,10
313,314,10
99,100,10
1898,1899,10
1942,1943,10
1277,1278,10
320,321,10
1364,1365,10
2656,2657,10
1452,1453,10
1415,1416,10
2834,2835,10
211,212,10
2798,2799,10
2235,2236,10
1272,1273,10
4,5,10
1337,1338,10
1788,1789,10
1774,1775,10
956,957,10
2877,2878,10
57,58,10
1398,1399,10
2768,2769,10
882,883,10
2664,2665,10
870,871,10
645,646,10
2566,2567,10
2946,2947,10
1015,1016,10
1598,1599,10
1094,1095,10
2027,2028,10
1883,1884,10
1354,1355,10
2219,2220,10
2319,2320,10
2758,2759,10
2830,2831,10
1934,1935,10
1444,1445,10
1304,1305,10
1379,1380,10
1933,1934,10
2175,2176,10
935,936,10
2950,2951,10
2580,2581,10
1083,1084,10
640,641,10
871,872,10
1478,1479,10
120,121,10
2258,2259,10
309,310,10
1454,1455,10
623,624,10
1328,1329,10
1081,1082,10
2310,2311,10
1592,1593,10
1794,1795,10
2048,2049,10
1091,1092,10
1283,1284,10
475,476,10
2382,2383,10
2857,2858,10
2873,2874,10
108,109,10
511,512,10
1671,1672,10
2725,2726,10
1672,1673,10
656,657,10
822,823,10
1284,1285,10
1008,1009,10
1287,1288,10
2719,2720,10
128,129,10
524,525,10
2693,2694,10
1868,1869,10
68,69,10
1591,1592,10
641,642,10
66,67,10
2250,2251,10
2935,2936,10
69,70,10
2767,2768,10
1319,1320,10
1037,1038,10
1138,1139,10
2051,2052,10
1089,1090,11
2039,2040,11
869,870,11
2035,2036,11
1779,1780,11
1014,1015,11
1184,1185,11
647,648,11
2292,2293,11
696,697,11
1197,1198,11
166,167,11
1870,1871,11
1062,1063,11
2675,2676,11
2167,2168,11
1026,1027,11
1775,1776,11
314,315,11
306,307,11
649,650,11
1457,1458,11
78,79,11
2735,2736,11
472,473,11
2346,2347,11
1341,1342,11
2210,2211,11
2559,2560,11
1793,1794,11
2260,2261,11
1297,1298,11
2301,2302,11
683,684,11
290,291,11
1791,1792,11
1082,1083,11
1327,1328,11
2262,2263,11
2594,2595,11
671,672,11
1789,1790,11
46,47,11
87,88,11
138,139,11
2730,2731,11
1583,1584,11
1563,1564,11
2244,2245,11
2238,2239,11
1630,1631,11
920,921,11
1316,1317,11
2932,2933,11
1296,1297,11
1353,1354,11
2300,2301,11
1881,1882,11
844,845,11
2917,2918,11
2052,2053,11
785,786,11
1893,1894,11
958,959,11
1552,1553,11
135,136,11
1053,1054,11
162,163,11
1886,1887,11
2573,2574,11
2127,2128,11
846,847,11
2397,2398,11
2772,2773,11
316,317,11
1871,1872,11
1971,1972,11
1429,1430,11
130,131,11
1949,1950,11
2563,2564,11
786,787,11
1279,1280,11
2835,2836,11
1063,1064,11
1449,1450,11
1056,1057,11
2114,2115,11
2771,2772,11
638,639,11
1408,1409,11
1935,1936,11
1054,1055,11
2399,2400,11
1066,1067,11
2574,2575,11
2401,2402,11
139,140,11
687,688,11
1088,1089,11
1551,1552,11
2177,2178,11
2320,2321,11
329,330,11
698,699,11
331,332,11
2036,2037,11
922,923,11
2711,2712,11
1013,1014,11
1799,1800,11
2049,2050,11
1303,1304,11
1055,1056,11
193,194,11
2032,2033,11
2778,2779,11
317,318,11
325,326,11
781,782,11
1577,1578,11
1632,1633,11
1077,1078,11
169,170,11
194,195,11
2589,2590,11
2252,2253,11
72,73,12
2249,2250,12
188,189,12
2919,2920,12
2407,2408,12
1080,1081,12
2467,2468,12
132,133,12
2299,2300,12
1281,1282,12
1567,1568,12
84,85,12
1960,1961,12
476,477,12
2042,2043,12
2577,2578,12
1356,1357,12
298,299,12
2054,2055,12
1445,1446,12
337,338,12
1325,1326,12
508,509,12
1561,1562,12
624,625,12
2558,2559,12
1011,1012,12
2430,2431,12
1582,1583,12
1317,1318,12
2647,2648,12
2239,2240,12
1318,1319,12
885,886,12
1289,1290,12
886,887,12
691,692,12
1373,1374,12
296,297,12
864,865,12
133,134,12
2753,2754,12
2700,2701,12
2705,2706,12
473,474,12
2275,2276,12
1787,1788,12
961,962,12
2314,2315,12
1784,1785,12
1937,1938,12
2651,2652,12
2162,2163,12
1669,1670,12
2305,2306,12
170,171,12
841,842,12
1625,1626,12
1301,1302,12
1430,1431,12
1670,1671,12
2698,2699,12
2689,2690,12
2586,2587,12
2311,2312,12
2567,2568,12
131,132,12
2470,2471,12
2318,2319,12
1310,1311,12
1285,1286,12
1469,1470,12
1463,1464,12
2595,2596,12
2313,2314,12
2463,2464,12
1299,1300,12
1065,1066,12
1403,1404,12
286,287,12
163,164,12
2246,2247,12
1312,1313,12
85,86,12
2926,2927,12
2255,2256,12
874,875,12
1071,1072,12
396,397,12
2089,2090,12
855,856,12
2854,2855,12
670,671,12
82,83,12
2241,2242,12
2800,2801,12
1904,1905,12
1859,1860,12
1010,1011,12
2324,2325,12
459,460,12
652,653,12
685,686,12
843,844,12
1446,1447,12
2833,2834,12
2564,2565,12
319,320,12
1712,1713,12
2583,2584,12
2057,2058,12
2702,2703,12
1017,1018,12
2107,2108,12
2569,2570,12
2924,2925,12
858,859,12
90,91,12
650,651,12
2769,2770,12
1873,1874,12
2047,2048,12
2722,2723,12
2466,2467,12
191,192,12
2582,2583,12
835,836,12
1210,1211,12
2406,2407,12
1473,1474,12
2756,2757,12
467,468,12
471,472,12
826,827,12
2290,2291,13
1084,1085,13
2418,2419,13
285,286,13
2335,2336,13
1781,1782,13
2243,2244,13
923,924,13
2945,2946,13
678,679,13
2068,2069,13
1455,1456,13
2411,2412,13
1370,1371,13
2415,2416,13
2653,2654,13
2117,2118,13
1665,1666,13
2943,2944,13
65,66,13
1464,1465,13
2931,2932,13
622,623,13
631,632,13
122,123,13
887,888,13
2410,2411,13
1410,1411,13
2395,2396,13
2108,2109,13
2510,2511,13
1622,1623,13
865,866,13
302,303,13
1604,1605,13
465,466,13
1602,1603,13
2046,2047,13
463,464,13
2878,2879,13
299,300,13
1431,1432,13
2716,2717,13
144,145,13
2420,2421,13
2129,2130,13
2308,2309,13
102,103,13
2939,2940,13
2954,2955,13
114,115,13
1802,1803,13
1792,1793,13
127,128,13
341,342,13
177,178,13
2321,2322,13
1012,1013,13
2881,2882,13
2799,2800,13
2116,2117,13
2690,2691,13
2773,2774,13
2041,2042,13
83,84,13
2508,2509,13
918,919,13
1298,1299,13
1559,1560,13
2781,2782,13
1776,1777,13
2966,2967,13
1958,1959,13
2590,2591,13
945,946,13
2644,2645,13
1782,1783,13
1578,1579,13
1573,1574,13
107,108,13
61,62,13
1471,1472,13
2113,2114,13
1315,1316,13
1456,1457,13
2942,2943,13
2921,2922,13
2265,2266,13
79,80,13
239,240,13
1073,1074,13
1366,1367,13
1667,1668,13
847,848,13
1384,1385,13
2315,2316,13
318,319,13
2276,2277,13
81,82,13
689,690,13
2576,2577,13
925,926,13
1796,1797,13
2405,2406,13
295,296,14
64,65,14
2697,2698,14
336,337,14
1892,1893,14
1061,1062,14
2874,2875,14
942,943,14
62,63,14
1273,1274,14
2345,2346,14
2695,2696,14
954,955,14
2322,2323,14
2844,2845,14
59,60,14
1798,1799,14
327,328,14
1946,1947,14
88,89,14
2317,2318,14
2282,2283,14
1772,1773,14
674,675,14
1634,1635,14
2923,2924,14
55,56,14
15,16,14
1543,1544,14
2944,2945,14
1556,1557,14
1580,1581,14
2752,2753,14
1572,1573,14
1954,1955,14
1078,1079,14
2962,2963,14
2270,2271,14
1601,1602,14
2422,2423,14
181,182,14
2602,2603,14
2030,2031,14
1609,1610,14
1866,1867,14
2853,2854,14
2081,2082,14
1585,1586,14
1863,1864,14
1957,1958,14
1558,1559,14
1423,1424,14
2879,2880,14
2512,2513,14
2304,2305,14
1346,1347,14
2267,2268,14
2034,2035,14
510,511,14
2757,2758,14
2785,2786,14
2316,2317,14
2709,2710,14
1783,1784,14
1402,1403,14
1437,1438,14
953,954,14
2847,2848,14
227,228,14
307,308,14
303,304,14
152,153,14
686,687,14
141,142,14
1468,1469,14
1286,1287,14
1344,1345,14
1589,1590,14
301,302,14
1666,1667,14
1576,1577,14
672,673,14
1581,1582,14
1276,1277,14
2560,2561,14
1313,1314,14
1070,1071,14
2465,2466,14
2242,2243,14
2842,2843,14
60,61,14
2213,2214,14
1668,1669,14
195,196,14
1357,1358,14
1600,1601,14
1948,1949,14
1851,1852,14
2375,2376,14
2862,2863,14
1790,1791,14
1447,1448,15
946,947,15
1320,1321,15
659,660,15
2859,2860,15
1442,1443,15
878,879,15
676,677,15
1244,1245,15
86,87,15
2598,2599,15
1636,1637,15
76,77,15
2852,2853,15
1860,1861,15
2028,2029,15
701,702,15
345,346,15
2271,2272,15
745,746,15
1623,1624,15
1288,1289,15
2221,2222,15
464,465,15
2128,2129,15
2055,2056,15
2572,2573,15
1359,1360,15
1714,1715,15
1309,1310,15
867,868,15
2040,2041,15
1422,1423,15
1407,1408,15
2332,2333,15
2037,2038,15
2412,2413,15
1786,1787,15
1255,1256,15
1553,1554,15
1307,1308,15
2692,2693,15
2607,2608,15
1314,1315,15
2643,2644,15
788,789,15
2254,2255,15
1857,1858,15
1628,1629,15
168,169,15
1584,1585,15
2928,2929,15
787,788,15
1058,1059,15
2379,2380,15
2861,2862,15
2288,2289,15
1420,1421,15
2251,2252,15
308,309,15
1383,1384,15
311,312,15
1876,1877,16
695,696,16
2071,2072,16
16,17,16
1785,1786,16
2517,2518,16
2884,2885,16
1021,1022,16
2600,2601,16
1862,1863,16
145,146,16
149,150,16
943,944,16
2366,2367,16
948,949,16
2347,2348,16
94,95,16
1939,1940,16
2777,2778,16
460,461,16
2253,2254,16
2774,2775,16
2281,2282,16
2058,2059,16
2264,2265,16
2706,2707,16
1950,1951,16
2851,2852,16
849,850,16
230,231,16
2947,2948,16
1453,1454,16
1411,1412,16
2960,2961,16
110,111,16
1861,1862,16
2838,2839,16
153,154,16
1009,1010,16
1730,1731,16
965,966,16
2665,2666,16
1568,1569,16
838,839,16
2745,2746,16
1380,1381,16
2849,2850,16
964,965,16
2121,2122,16
2327,2328,16
2654,2655,16
2515,2516,16
291,292,16
2329,2330,16
231,232,16
292,293,16
1728,1729,16
872,873,16
917,918,16
2858,2859,16
1405,1406,16
2708,2709,16
862,863,16
1897,1898,16
2786,2787,16
1565,1566,16
1292,1293,16
2469,2470,16
1947,1948,16
2472,2473,16
2263,2264,16
63,64,16
2413,2414,16
2691,2692,16
1323,1324,16
154,155,16
105,106,16
151,152,16
1409,1410,16
1858,1859,17
1574,1575,17
1734,1735,17
1550,1551,17
2741,2742,17
2062,2063,17
1945,1946,17
289,290,17
711,712,17
1560,1561,17
101,102,17
2524,2525,17
2701,2702,17
699,700,17
2053,2054,17
1806,1807,17
1951,1952,17
2340,2341,17
2779,2780,17
2072,2073,17
2294,2295,17
1594,1595,17
155,156,17
339,340,17
947,948,17
2603,2604,17
297,298,17
784,785,17
2790,2791,17
1944,1945,17
2712,2713,17
2423,2424,17
2971,2972,17
1735,1736,17
294,295,17
2519,2520,17
92,93,17
300,301,17
2742,2743,17
2516,2517,17
284,285,17
2475,2476,17
1856,1857,17
2273,2274,17
2131,2132,17
2160,2161,17
2120,2121,17
877,878,17
136,137,17
466,467,17
2274,2275,18
332,333,18
2775,2776,18
2850,2851,18
1864,1865,18
2527,2528,18
95,96,18
50,51,18
2277,2278,18
147,148,18
100,101,18
1404,1405,18
2784,2785,18
470,471,18
2648,2649,18
1853,1854,18
1721,1722,18
2060,2061,18
407,408,18
2073,2074,18
876,877,18
1554,1555,18
963,964,18
949,950,18
146,147,18
304,305,18
1342,1343,18
2339,2340,18
2341,2342,18
744,745,18
97,98,18
2776,2777,18
2649,2650,18
236,237,18
2248,2249,18
2389,2390,18
2596,2597,18
2421,2422,18
2387,2388,18
879,880,18
2330,2331,18
2737,2738,18
2207,2208,18
96,97,18
2328,2329,18
98,99,19
2886,2887,19
2855,2856,19
1855,1856,19
1022,1023,19
2528,2529,19
1412,1413,19
1399,1400,19
1466,1467,19
2975,2976,19
1421,1422,19
2126,2127,19
246,247,19
1424,1425,19
1737,1738,19
1425,1426,19
839,840,19
2976,2977,19
2593,2594,19
2337,2338,19
104,105,19
2845,2846,19
743,744,19
2414,2415,19
2367,2368,19
1587,1588,19
1740,1741,19
1095,1096,19
688,689,19
883,884,19
148,149,19
951,952,19
293,294,19
2123,2124,19
1865,1866,19
2856,2857,19
2118,2119,19
1074,1075,19
2744,2745,19
237,238,19
1098,1099,19
873,874,19
2714,2715,19
2122,2123,19
461,462,19
282,283,19
458,459,19
14,15,20
2518,2519,20
1401,1402,20
2973,2974,20
944,945,20
2119,2120,20
704,705,20
952,953,20
1722,1723,20
950,951,20
2130,2131,20
2789,2790,20
160,161,20
2369,2370,20
159,160,20
411,412,20
2473,2474,20
2925,2926,20
2125,2126,20
2106,2107,20
2718,2719,20
52,53,20
941,942,20
1324,1325,20
241,242,20
2782,2783,20
2065,2066,20
881,882,20
1620,1621,20
2657,2658,20
2474,2475,20
710,711,20
1741,1742,20
235,236,20
1736,1737,20
2061,2062,20
2066,2067,20
2521,2522,20
705,706,20
2171,2172,20
2957,2958,20
2338,2339,20
1428,1429,20
2326,2327,20
1020,1021,20
2325,2326,20
1019,1020,20
2929,2930,20
661,662,21
837,838,21
692,693,21
1557,1558,21
1739,1740,21
1959,1960,21
1854,1855,21
955,956,21
281,282,21
2865,2866,21
2365,2366,21
1003,1004,21
2787,2788,21
2953,2954,21
103,104,21
142,143,21
1251,1252,21
2746,2747,21
1400,1401,21
1719,1720,21
2070,2071,21
2941,2942,21
2783,2784,21
1807,1808,21
143,144,21
2417,2418,21
2743,2744,21
707,708,21
1548,1549,21
962,963,21
1717,1718,21
2522,2523,22
2605,2606,22
1096,1097,22
2863,2864,22
1777,1778,22
2955,2956,22
2059,2060,22
1546,1547,22
2601,2602,22
2069,2070,22
706,707,22
664,665,22
1547,1548,22
409,410,22
2968,2969,22
1136,1137,22
2368,2369,22
2063,2064,22
2969,2970,22
2124,2125,22
2604,2605,22
2104,2105,22
2959,2960,22
970,971,22
1358,1359,22
1867,1868,22
232,233,23
1733,1734,23
2067,2068,23
1619,1620,23
1795,1796,23
2336,2337,23
408,409,23
2780,2781,23
2103,2104,23
2064,2065,23
1465,1466,23
1467,1468,23
1549,1550,23
2031,2032,23
1732,1733,23
1137,1138,23
244,245,23
2839,2840,23
2349,2350,23
2331,2332,23
1555,1556,23
2206,2207,23
2342,2343,23
2170,2171,23
1708,1709,23
2867,2868,23
346,347,23
91,92,23
17,18,24
703,704,24
875,876,24
836,837,24
1426,1427,24
2885,2886,24
1258,1259,24
240,241,24
2609,2610,24
2333,2334,24
2738,2739,24
662,663,24
2841,2842,24
1710,1711,24
2974,2975,24
2172,2173,24
338,339,24
2658,2659,24
2958,2959,24
1005,1006,24
2416,2417,24
1731,1732,24
243,244,24
742,743,24
1621,1622,24
1729,1730,24
342,343,24
157,158,24
2529,2530,24
840,841,24
2740,2741,24
1738,1739,24
2739,2740,24
2523,2524,24
2348,2349,24
2419,2420,24
2843,2844,25
2977,2978,25
1321,1322,25
1018,1019,25
234,235,25
2606,2607,25
2599,2600,25
2659,2660,25
1256,1257,25
884,885,25
1618,1619,25
2386,2387,25
229,230,25
746,747,25
2788,2789,25
2334,2335,25
708,709,25
2972,2973,25
156,157,25
245,246,25
2608,2609,25
2592,2593,25
2476,2477,26
2526,2527,26
340,341,26
343,344,26
1804,1805,26
2344,2345,26
2591,2592,26
1257,1258,26
2883,2884,26
1322,1323,26
2209,2210,26
1099,1100,26
233,234,26
2343,2344,26
93,94,26
1805,1806,26
969,970,26
150,151,26
1006,1007,26
1707,1708,26
709,710,27
18,19,27
702,703,27
238,239,27
53,54,27
247,248,27
1711,1712,27
1133,1134,27
51,52,27
1718,1719,27
1413,1414,27
1406,1407,27
2660,2661,27
1419,1420,27
410,411,27
158,159,27
2169,2170,27
280,281,27
2840,2841,27
2650,2651,28
1252,1253,28
242,243,28
2791,2792,28
1134,1135,28
2871,2872,28
2525,2526,28
2869,2870,28
2870,2871,28
2388,2389,28
1250,1251,28
1427,1428,29
968,969,29
2385,2386,29
967,968,29
660,661,29
2866,2867,29
49,50,29
2970,2971,29
2661,2662,29
1808,1809,29
2961,2962,29
2597,2598,29
2520,2521,30
663,664,30
344,345,30
1720,1721,30
1007,1008,30
1004,1005,30
1709,1710,31
1253,1254,31
2105,2106,31
2102,2103,31
2956,2957,32
2872,2873,32
1254,1255,32
2868,2869,32
2864,2865,33
228,229,33
2173,2174,34
966,967,34
2887,2888,35
1249,1250,36
1097,1098,36
283,284,36
1135,1136,36
