,V1
0,0.22613065326633167
1,1.0
2,0.22613065326633167
3,0.22613065326633167
4,0.22613065326633167
5,1.0
6,0.22613065326633167
7,0.22613065326633167
8,1.0
9,0.22613065326633167
10,0.22613065326633167
11,0.22613065326633167
12,1.0
13,1.0
14,0.22613065326633167
15,0.22613065326633167
16,0.22613065326633167
17,1.0
18,1.0
19,0.22613065326633167
20,0.22613065326633167
21,0.22613065326633167
22,0.22613065326633167
23,0.22613065326633167
24,1.0
25,0.22613065326633167
26,0.22613065326633167
27,0.22613065326633167
28,1.0
29,0.22613065326633167
30,0.22613065326633167
31,0.22613065326633167
32,0.22613065326633167
33,0.22613065326633167
34,0.22613065326633167
35,0.22613065326633167
36,0.22613065326633167
37,0.22613065326633167
38,0.22613065326633167
39,1.0
40,0.22613065326633167
41,1.0
42,0.22613065326633167
43,1.0
44,0.22613065326633167
45,0.22613065326633167
46,0.22613065326633167
47,0.22613065326633167
48,0.22613065326633167
49,0.22613065326633167
50,1.0
51,0.22613065326633167
52,0.22613065326633167
53,0.22613065326633167
54,0.22613065326633167
55,0.22613065326633167
56,1.0
57,0.22613065326633167
58,0.22613065326633167
59,1.0
60,0.22613065326633167
61,0.22613065326633167
62,0.22613065326633167
63,0.22613065326633167
64,1.0
65,0.22613065326633167
66,0.22613065326633167
67,0.22613065326633167
68,0.22613065326633167
69,1.0
70,0.22613065326633167
71,0.22613065326633167
72,0.22613065326633167
73,1.0
74,0.22613065326633167
75,0.22613065326633167
76,0.22613065326633167
77,1.0
78,0.22613065326633167
79,0.22613065326633167
80,0.22613065326633167
81,0.22613065326633167
82,0.22613065326633167
83,1.0
84,0.22613065326633167
85,0.22613065326633167
86,0.22613065326633167
87,0.22613065326633167
88,0.22613065326633167
89,0.22613065326633167
90,1.0
91,0.22613065326633167
92,0.22613065326633167
93,1.0
94,0.22613065326633167
95,0.22613065326633167
96,0.22613065326633167
97,0.22613065326633167
98,0.22613065326633167
99,0.22613065326633167
100,0.22613065326633167
101,1.0
102,0.22613065326633167
103,0.22613065326633167
104,0.22613065326633167
105,0.22613065326633167
106,1.0
107,0.22613065326633167
108,0.22613065326633167
109,0.22613065326633167
110,1.0
111,0.22613065326633167
112,0.22613065326633167
113,0.22613065326633167
114,0.22613065326633167
115,0.22613065326633167
116,0.22613065326633167
117,0.22613065326633167
118,0.22613065326633167
119,0.22613065326633167
120,1.0
121,0.22613065326633167
122,0.22613065326633167
123,0.22613065326633167
124,0.22613065326633167
125,0.22613065326633167
126,0.22613065326633167
127,1.0
128,1.0
129,1.0
130,0.22613065326633167
131,0.22613065326633167
132,0.22613065326633167
133,0.22613065326633167
134,1.0
135,0.22613065326633167
136,0.22613065326633167
137,0.22613065326633167
138,0.22613065326633167
139,0.22613065326633167
140,0.22613065326633167
141,1.0
142,0.22613065326633167
143,0.22613065326633167
144,0.22613065326633167
145,0.22613065326633167
146,0.22613065326633167
147,1.0
148,0.22613065326633167
149,1.0
150,0.22613065326633167
151,0.22613065326633167
152,0.22613065326633167
153,0.22613065326633167
154,1.0
155,0.22613065326633167
156,0.22613065326633167
157,1.0
158,1.0
159,0.22613065326633167
160,0.22613065326633167
161,0.22613065326633167
162,1.0
163,0.22613065326633167
164,0.22613065326633167
165,1.0
166,0.22613065326633167
167,0.22613065326633167
168,0.22613065326633167
169,0.22613065326633167
170,0.22613065326633167
171,0.22613065326633167
172,0.22613065326633167
173,1.0
174,0.22613065326633167
175,0.22613065326633167
176,0.22613065326633167
177,0.22613065326633167
178,1.0
179,0.22613065326633167
180,1.0
181,1.0
182,0.22613065326633167
183,0.22613065326633167
184,0.22613065326633167
185,1.0
186,0.22613065326633167
187,0.22613065326633167
188,0.22613065326633167
189,0.22613065326633167
190,0.22613065326633167
191,0.22613065326633167
192,0.22613065326633167
193,1.0
194,0.22613065326633167
195,0.22613065326633167
196,1.0
197,0.22613065326633167
198,0.22613065326633167
199,0.22613065326633167
200,0.22613065326633167
201,0.22613065326633167
202,0.22613065326633167
203,0.22613065326633167
204,0.22613065326633167
205,1.0
206,0.22613065326633167
207,0.22613065326633167
208,1.0
209,0.22613065326633167
210,0.22613065326633167
211,0.22613065326633167
212,1.0
213,0.22613065326633167
214,1.0
215,1.0
216,1.0
217,0.22613065326633167
218,0.22613065326633167
219,0.22613065326633167
220,0.22613065326633167
221,0.22613065326633167
222,0.22613065326633167
223,0.22613065326633167
224,1.0
225,0.22613065326633167
226,1.0
227,0.22613065326633167
228,0.22613065326633167
229,0.22613065326633167
230,0.22613065326633167
231,1.0
232,0.22613065326633167
233,0.22613065326633167
234,0.22613065326633167
235,0.22613065326633167
236,0.22613065326633167
237,0.22613065326633167
238,1.0
239,0.22613065326633167
240,0.22613065326633167
241,1.0
242,0.22613065326633167
243,0.22613065326633167
244,0.22613065326633167
245,0.22613065326633167
246,0.22613065326633167
247,0.22613065326633167
248,1.0
249,0.22613065326633167
250,0.22613065326633167
251,1.0
252,0.22613065326633167
253,1.0
254,0.22613065326633167
255,0.22613065326633167
256,0.22613065326633167
257,0.22613065326633167
258,0.22613065326633167
259,0.22613065326633167
260,0.22613065326633167
261,0.22613065326633167
262,0.22613065326633167
263,0.22613065326633167
264,0.22613065326633167
265,0.22613065326633167
266,0.22613065326633167
267,1.0
268,0.22613065326633167
269,0.22613065326633167
270,0.22613065326633167
271,0.22613065326633167
272,0.22613065326633167
273,1.0
274,1.0
275,0.22613065326633167
276,0.22613065326633167
277,0.22613065326633167
278,1.0
279,0.22613065326633167
280,0.22613065326633167
281,0.22613065326633167
282,1.0
283,0.22613065326633167
284,0.22613065326633167
285,0.22613065326633167
286,0.22613065326633167
287,0.22613065326633167
288,1.0
289,0.22613065326633167
290,0.22613065326633167
291,0.22613065326633167
292,1.0
293,0.22613065326633167
294,0.22613065326633167
295,0.22613065326633167
296,0.22613065326633167
297,1.0
298,1.0
299,1.0
300,0.22613065326633167
301,1.0
302,1.0
303,0.22613065326633167
304,0.22613065326633167
305,1.0
306,0.22613065326633167
307,1.0
308,1.0
309,0.22613065326633167
310,1.0
311,1.0
312,1.0
313,0.22613065326633167
314,1.0
315,0.22613065326633167
316,0.22613065326633167
317,0.22613065326633167
318,1.0
319,0.22613065326633167
320,0.22613065326633167
321,0.22613065326633167
322,0.22613065326633167
323,0.22613065326633167
324,0.22613065326633167
325,0.22613065326633167
326,1.0
327,0.22613065326633167
328,1.0
329,0.22613065326633167
330,0.22613065326633167
331,0.22613065326633167
332,0.22613065326633167
333,1.0
334,0.22613065326633167
335,1.0
336,0.22613065326633167
337,1.0
338,0.22613065326633167
339,0.22613065326633167
340,1.0
341,1.0
342,1.0
343,0.22613065326633167
344,0.22613065326633167
345,0.22613065326633167
346,1.0
347,0.22613065326633167
348,1.0
349,0.22613065326633167
350,0.22613065326633167
351,0.22613065326633167
352,0.22613065326633167
353,0.22613065326633167
354,0.22613065326633167
355,0.22613065326633167
356,0.22613065326633167
357,0.22613065326633167
358,1.0
359,0.22613065326633167
360,0.22613065326633167
361,1.0
362,0.22613065326633167
363,0.22613065326633167
364,0.22613065326633167
365,1.0
366,1.0
367,0.22613065326633167
368,0.22613065326633167
369,1.0
370,1.0
371,0.22613065326633167
372,0.22613065326633167
373,1.0
374,0.22613065326633167
375,1.0
376,1.0
377,0.22613065326633167
378,0.22613065326633167
379,0.22613065326633167
380,0.22613065326633167
381,0.22613065326633167
382,1.0
383,1.0
384,1.0
385,1.0
386,0.22613065326633167
387,1.0
388,1.0
389,0.22613065326633167
390,0.22613065326633167
391,1.0
392,0.22613065326633167
393,1.0
394,1.0
395,0.22613065326633167
396,1.0
397,1.0
398,1.0
399,0.22613065326633167
400,1.0
401,0.22613065326633167
402,0.22613065326633167
403,0.22613065326633167
404,0.22613065326633167
405,0.22613065326633167
406,0.22613065326633167
407,0.22613065326633167
408,1.0
409,0.22613065326633167
410,0.22613065326633167
411,0.22613065326633167
412,0.22613065326633167
413,0.22613065326633167
414,0.22613065326633167
415,1.0
416,0.22613065326633167
417,0.22613065326633167
418,0.22613065326633167
419,1.0
420,0.22613065326633167
421,0.22613065326633167
422,1.0
423,0.22613065326633167
424,0.22613065326633167
425,0.22613065326633167
426,0.22613065326633167
427,0.22613065326633167
428,1.0
429,0.22613065326633167
430,0.22613065326633167
431,0.22613065326633167
432,0.22613065326633167
433,1.0
434,1.0
435,1.0
436,0.22613065326633167
437,0.22613065326633167
438,0.22613065326633167
439,1.0
440,0.22613065326633167
441,1.0
442,0.22613065326633167
443,0.22613065326633167
444,0.22613065326633167
445,0.22613065326633167
446,0.22613065326633167
447,0.22613065326633167
448,0.22613065326633167
449,0.22613065326633167
450,0.22613065326633167
451,0.22613065326633167
452,0.22613065326633167
453,1.0
454,1.0
455,0.22613065326633167
456,1.0
457,0.22613065326633167
458,0.22613065326633167
459,0.22613065326633167
460,0.22613065326633167
461,0.22613065326633167
462,0.22613065326633167
463,0.22613065326633167
464,1.0
465,0.22613065326633167
466,0.22613065326633167
467,0.22613065326633167
468,0.22613065326633167
469,1.0
470,1.0
471,1.0
472,1.0
473,0.22613065326633167
474,0.22613065326633167
475,0.22613065326633167
476,0.22613065326633167
477,0.22613065326633167
478,0.22613065326633167
479,0.22613065326633167
480,0.22613065326633167
481,0.22613065326633167
482,0.22613065326633167
483,0.22613065326633167
484,1.0
485,0.22613065326633167
486,1.0
487,1.0
488,1.0
489,0.22613065326633167
490,0.22613065326633167
491,0.22613065326633167
492,0.22613065326633167
493,1.0
494,0.22613065326633167
495,0.22613065326633167
496,1.0
497,0.22613065326633167
498,0.22613065326633167
499,1.0
500,0.22613065326633167
501,0.22613065326633167
502,1.0
503,1.0
504,1.0
505,0.22613065326633167
506,0.22613065326633167
507,0.22613065326633167
508,0.22613065326633167
509,0.22613065326633167
510,0.22613065326633167
511,0.22613065326633167
512,0.22613065326633167
513,0.22613065326633167
514,0.22613065326633167
515,0.22613065326633167
516,0.22613065326633167
517,0.22613065326633167
518,0.22613065326633167
519,0.22613065326633167
520,1.0
521,0.22613065326633167
522,1.0
523,0.22613065326633167
524,0.22613065326633167
525,0.22613065326633167
526,1.0
527,1.0
528,0.22613065326633167
529,0.22613065326633167
530,0.22613065326633167
531,0.22613065326633167
532,0.22613065326633167
533,0.22613065326633167
534,0.22613065326633167
535,1.0
536,1.0
537,0.22613065326633167
538,0.22613065326633167
539,0.22613065326633167
540,0.22613065326633167
541,1.0
542,1.0
543,1.0
544,1.0
545,0.22613065326633167
546,1.0
547,1.0
548,0.22613065326633167
549,0.22613065326633167
550,0.22613065326633167
551,1.0
552,0.22613065326633167
553,1.0
554,0.22613065326633167
555,1.0
556,1.0
557,1.0
558,0.22613065326633167
559,0.22613065326633167
560,1.0
561,0.22613065326633167
562,0.22613065326633167
563,0.22613065326633167
564,0.22613065326633167
565,0.22613065326633167
566,0.22613065326633167
567,1.0
568,1.0
569,0.22613065326633167
570,1.0
571,1.0
572,0.22613065326633167
573,0.22613065326633167
574,1.0
575,1.0
576,1.0
577,0.22613065326633167
578,1.0
579,0.22613065326633167
580,0.22613065326633167
581,0.22613065326633167
582,0.22613065326633167
583,0.22613065326633167
584,0.22613065326633167
585,1.0
586,0.22613065326633167
587,0.22613065326633167
588,1.0
589,0.22613065326633167
590,0.22613065326633167
591,0.22613065326633167
592,0.22613065326633167
593,0.22613065326633167
594,0.22613065326633167
595,0.22613065326633167
596,0.22613065326633167
597,0.22613065326633167
598,1.0
599,0.22613065326633167
600,0.22613065326633167
601,0.22613065326633167
602,0.22613065326633167
603,0.22613065326633167
604,1.0
605,1.0
606,0.22613065326633167
607,0.22613065326633167
608,0.22613065326633167
609,0.22613065326633167
610,1.0
611,1.0
612,0.22613065326633167
613,0.22613065326633167
614,1.0
615,0.22613065326633167
616,0.22613065326633167
617,0.22613065326633167
618,0.22613065326633167
619,1.0
620,0.22613065326633167
621,0.22613065326633167
622,0.22613065326633167
623,0.22613065326633167
624,1.0
625,1.0
626,0.22613065326633167
627,1.0
628,0.22613065326633167
629,0.22613065326633167
630,1.0
631,0.22613065326633167
632,0.22613065326633167
633,1.0
634,1.0
635,0.22613065326633167
636,0.22613065326633167
637,0.22613065326633167
638,0.22613065326633167
639,0.22613065326633167
640,0.22613065326633167
641,0.22613065326633167
642,0.22613065326633167
643,0.22613065326633167
644,1.0
645,0.22613065326633167
646,0.22613065326633167
647,0.22613065326633167
648,0.22613065326633167
649,0.22613065326633167
650,0.22613065326633167
651,1.0
652,1.0
653,0.22613065326633167
654,0.22613065326633167
655,0.22613065326633167
656,1.0
657,0.22613065326633167
658,0.22613065326633167
659,1.0
660,0.22613065326633167
661,0.22613065326633167
662,1.0
663,1.0
664,0.22613065326633167
665,0.22613065326633167
666,1.0
667,0.22613065326633167
668,0.22613065326633167
669,0.22613065326633167
670,0.22613065326633167
671,1.0
672,1.0
673,1.0
674,1.0
675,0.22613065326633167
676,0.22613065326633167
677,1.0
678,1.0
679,0.22613065326633167
680,0.22613065326633167
681,0.22613065326633167
682,0.22613065326633167
683,0.22613065326633167
684,0.22613065326633167
685,0.22613065326633167
686,0.22613065326633167
687,1.0
688,0.22613065326633167
689,1.0
690,0.22613065326633167
691,0.22613065326633167
692,0.22613065326633167
693,1.0
694,0.22613065326633167
695,0.22613065326633167
696,0.22613065326633167
697,1.0
698,0.22613065326633167
699,0.22613065326633167
700,0.22613065326633167
701,1.0
702,1.0
703,0.22613065326633167
704,1.0
705,1.0
706,0.22613065326633167
707,0.22613065326633167
708,0.22613065326633167
709,0.22613065326633167
710,0.22613065326633167
711,0.22613065326633167
712,0.22613065326633167
713,1.0
714,0.22613065326633167
715,0.22613065326633167
716,0.22613065326633167
717,0.22613065326633167
718,1.0
719,0.22613065326633167
720,0.22613065326633167
721,1.0
722,1.0
723,0.22613065326633167
724,1.0
725,1.0
726,1.0
727,0.22613065326633167
728,0.22613065326633167
729,1.0
730,1.0
731,1.0
732,0.22613065326633167
733,0.22613065326633167
734,0.22613065326633167
735,1.0
736,0.22613065326633167
737,0.22613065326633167
738,1.0
739,0.22613065326633167
740,0.22613065326633167
741,0.22613065326633167
742,1.0
743,1.0
744,0.22613065326633167
745,0.22613065326633167
746,1.0
747,0.22613065326633167
748,1.0
749,1.0
750,1.0
751,0.22613065326633167
752,0.22613065326633167
753,0.22613065326633167
754,0.22613065326633167
755,1.0
756,0.22613065326633167
757,0.22613065326633167
758,1.0
759,1.0
760,1.0
761,0.22613065326633167
762,0.22613065326633167
763,0.22613065326633167
764,0.22613065326633167
765,0.22613065326633167
766,1.0
767,1.0
768,1.0
769,0.22613065326633167
770,1.0
771,0.22613065326633167
772,0.22613065326633167
773,0.22613065326633167
774,0.22613065326633167
775,1.0
776,1.0
777,0.22613065326633167
778,0.22613065326633167
779,0.22613065326633167
780,0.22613065326633167
781,0.22613065326633167
782,0.22613065326633167
783,1.0
784,0.22613065326633167
785,1.0
786,0.22613065326633167
787,0.22613065326633167
788,0.22613065326633167
789,1.0
790,0.22613065326633167
791,0.22613065326633167
792,0.22613065326633167
793,1.0
794,0.22613065326633167
795,0.22613065326633167
796,1.0
797,1.0
798,1.0
799,0.22613065326633167
800,0.22613065326633167
801,0.22613065326633167
802,1.0
803,0.22613065326633167
804,1.0
805,0.22613065326633167
806,0.22613065326633167
807,0.22613065326633167
808,0.22613065326633167
809,0.22613065326633167
810,1.0
811,0.22613065326633167
812,1.0
813,0.22613065326633167
814,0.22613065326633167
815,1.0
816,0.22613065326633167
817,0.22613065326633167
818,1.0
819,1.0
820,1.0
821,0.22613065326633167
822,1.0
823,0.22613065326633167
824,0.22613065326633167
825,0.22613065326633167
826,0.22613065326633167
827,0.22613065326633167
828,0.22613065326633167
829,0.22613065326633167
830,1.0
831,0.22613065326633167
832,0.22613065326633167
833,0.22613065326633167
834,1.0
835,1.0
836,1.0
837,1.0
838,0.22613065326633167
839,0.22613065326633167
840,0.22613065326633167
841,0.22613065326633167
842,0.22613065326633167
843,1.0
844,0.22613065326633167
845,0.22613065326633167
846,0.22613065326633167
847,0.22613065326633167
848,0.22613065326633167
849,0.22613065326633167
850,0.22613065326633167
851,1.0
852,0.22613065326633167
853,1.0
854,1.0
855,1.0
856,0.22613065326633167
857,1.0
858,1.0
859,0.22613065326633167
860,0.22613065326633167
861,1.0
862,1.0
863,0.22613065326633167
864,1.0
865,0.22613065326633167
866,0.22613065326633167
867,0.22613065326633167
868,0.22613065326633167
869,0.22613065326633167
870,0.22613065326633167
871,0.22613065326633167
872,0.22613065326633167
873,0.22613065326633167
874,1.0
875,0.22613065326633167
876,0.22613065326633167
877,0.22613065326633167
878,0.22613065326633167
879,0.22613065326633167
880,0.22613065326633167
881,0.22613065326633167
882,0.22613065326633167
883,0.22613065326633167
884,0.22613065326633167
885,0.22613065326633167
886,0.22613065326633167
887,1.0
888,0.22613065326633167
889,0.22613065326633167
890,1.0
891,1.0
892,1.0
893,0.22613065326633167
894,1.0
895,0.22613065326633167
896,1.0
897,0.22613065326633167
898,0.22613065326633167
899,1.0
900,0.22613065326633167
901,1.0
902,0.22613065326633167
903,0.22613065326633167
904,1.0
905,0.22613065326633167
906,1.0
907,1.0
908,0.22613065326633167
909,0.22613065326633167
910,1.0
911,0.22613065326633167
912,0.22613065326633167
913,0.22613065326633167
914,1.0
915,0.22613065326633167
916,1.0
917,1.0
918,1.0
919,1.0
920,0.22613065326633167
921,0.22613065326633167
922,0.22613065326633167
923,0.22613065326633167
924,1.0
925,1.0
926,0.22613065326633167
927,0.22613065326633167
928,1.0
929,0.22613065326633167
930,1.0
931,0.22613065326633167
932,0.22613065326633167
933,1.0
934,1.0
935,0.22613065326633167
936,0.22613065326633167
937,0.22613065326633167
938,0.22613065326633167
939,0.22613065326633167
940,0.22613065326633167
941,0.22613065326633167
942,1.0
943,0.22613065326633167
944,0.22613065326633167
945,0.22613065326633167
946,1.0
947,0.22613065326633167
948,0.22613065326633167
949,1.0
950,0.22613065326633167
951,0.22613065326633167
952,0.22613065326633167
953,0.22613065326633167
954,0.22613065326633167
955,1.0
956,0.22613065326633167
957,0.22613065326633167
958,1.0
959,0.22613065326633167
960,1.0
961,0.22613065326633167
962,0.22613065326633167
963,0.22613065326633167
964,0.22613065326633167
965,0.22613065326633167
966,0.22613065326633167
967,0.22613065326633167
968,0.22613065326633167
969,0.22613065326633167
970,1.0
971,0.22613065326633167
972,1.0
973,1.0
974,1.0
975,1.0
976,0.22613065326633167
977,0.22613065326633167
978,0.22613065326633167
979,0.22613065326633167
980,1.0
981,0.22613065326633167
982,0.22613065326633167
983,0.22613065326633167
984,1.0
985,0.22613065326633167
986,0.22613065326633167
987,0.22613065326633167
988,0.22613065326633167
989,0.22613065326633167
990,0.22613065326633167
991,1.0
992,1.0
993,0.22613065326633167
994,0.22613065326633167
995,1.0
996,1.0
997,0.22613065326633167
998,0.22613065326633167
999,0.22613065326633167
1000,0.22613065326633167
1001,0.22613065326633167
1002,0.22613065326633167
1003,1.0
1004,1.0
1005,0.22613065326633167
1006,0.22613065326633167
1007,0.22613065326633167
1008,0.22613065326633167
1009,1.0
1010,1.0
1011,0.22613065326633167
1012,0.22613065326633167
1013,0.22613065326633167
1014,0.22613065326633167
1015,0.22613065326633167
1016,0.22613065326633167
1017,0.22613065326633167
1018,1.0
1019,0.22613065326633167
1020,0.22613065326633167
1021,1.0
1022,1.0
1023,1.0
1024,1.0
1025,0.22613065326633167
1026,0.22613065326633167
1027,0.22613065326633167
1028,1.0
1029,0.22613065326633167
1030,0.22613065326633167
1031,0.22613065326633167
1032,0.22613065326633167
1033,0.22613065326633167
1034,0.22613065326633167
1035,1.0
1036,0.22613065326633167
1037,0.22613065326633167
1038,0.22613065326633167
1039,1.0
1040,0.22613065326633167
1041,0.22613065326633167
1042,0.22613065326633167
1043,1.0
1044,0.22613065326633167
1045,0.22613065326633167
1046,0.22613065326633167
1047,1.0
1048,1.0
1049,0.22613065326633167
1050,0.22613065326633167
1051,1.0
1052,0.22613065326633167
1053,1.0
1054,0.22613065326633167
1055,0.22613065326633167
1056,1.0
1057,1.0
1058,1.0
1059,0.22613065326633167
1060,0.22613065326633167
1061,0.22613065326633167
1062,1.0
1063,0.22613065326633167
1064,0.22613065326633167
1065,0.22613065326633167
1066,1.0
1067,1.0
1068,1.0
1069,0.22613065326633167
1070,0.22613065326633167
1071,1.0
1072,0.22613065326633167
1073,0.22613065326633167
1074,0.22613065326633167
1075,1.0
1076,0.22613065326633167
1077,1.0
1078,0.22613065326633167
1079,1.0
1080,1.0
1081,0.22613065326633167
1082,0.22613065326633167
1083,1.0
1084,1.0
1085,0.22613065326633167
1086,0.22613065326633167
1087,1.0
1088,0.22613065326633167
1089,0.22613065326633167
1090,0.22613065326633167
1091,0.22613065326633167
1092,0.22613065326633167
1093,1.0
1094,0.22613065326633167
1095,1.0
1096,0.22613065326633167
1097,0.22613065326633167
1098,1.0
1099,1.0
1100,0.22613065326633167
1101,0.22613065326633167
1102,1.0
1103,0.22613065326633167
1104,0.22613065326633167
1105,1.0
1106,1.0
1107,1.0
1108,0.22613065326633167
1109,0.22613065326633167
1110,0.22613065326633167
1111,0.22613065326633167
1112,0.22613065326633167
1113,1.0
1114,1.0
1115,1.0
1116,0.22613065326633167
1117,0.22613065326633167
1118,1.0
1119,0.22613065326633167
1120,0.22613065326633167
1121,0.22613065326633167
1122,0.22613065326633167
1123,0.22613065326633167
1124,0.22613065326633167
1125,0.22613065326633167
1126,1.0
1127,0.22613065326633167
1128,0.22613065326633167
1129,0.22613065326633167
1130,1.0
1131,0.22613065326633167
1132,0.22613065326633167
1133,0.22613065326633167
1134,0.22613065326633167
1135,0.22613065326633167
1136,0.22613065326633167
1137,0.22613065326633167
1138,1.0
1139,1.0
1140,0.22613065326633167
1141,0.22613065326633167
1142,0.22613065326633167
1143,1.0
1144,1.0
1145,0.22613065326633167
1146,0.22613065326633167
1147,1.0
1148,1.0
1149,0.22613065326633167
1150,0.22613065326633167
1151,0.22613065326633167
1152,0.22613065326633167
1153,0.22613065326633167
1154,0.22613065326633167
1155,0.22613065326633167
1156,1.0
1157,0.22613065326633167
1158,1.0
1159,1.0
1160,1.0
1161,0.22613065326633167
1162,0.22613065326633167
1163,0.22613065326633167
1164,0.22613065326633167
1165,0.22613065326633167
1166,0.22613065326633167
1167,1.0
1168,1.0
1169,1.0
1170,0.22613065326633167
1171,1.0
1172,0.22613065326633167
1173,0.22613065326633167
1174,1.0
1175,0.22613065326633167
1176,0.22613065326633167
1177,1.0
1178,0.22613065326633167
1179,1.0
1180,0.22613065326633167
1181,0.22613065326633167
1182,1.0
1183,0.22613065326633167
1184,1.0
1185,0.22613065326633167
1186,0.22613065326633167
1187,1.0
1188,0.22613065326633167
1189,1.0
1190,0.22613065326633167
1191,0.22613065326633167
1192,1.0
1193,0.22613065326633167
1194,0.22613065326633167
1195,0.22613065326633167
1196,1.0
1197,0.22613065326633167
1198,0.22613065326633167
1199,1.0
1200,1.0
1201,0.22613065326633167
1202,0.22613065326633167
1203,1.0
1204,1.0
1205,1.0
1206,1.0
1207,1.0
1208,0.22613065326633167
1209,1.0
1210,0.22613065326633167
1211,1.0
1212,0.22613065326633167
1213,0.22613065326633167
1214,0.22613065326633167
1215,1.0
1216,1.0
1217,0.22613065326633167
1218,1.0
1219,0.22613065326633167
1220,0.22613065326633167
1221,0.22613065326633167
1222,0.22613065326633167
1223,1.0
1224,1.0
1225,0.22613065326633167
1226,0.22613065326633167
1227,0.22613065326633167
1228,1.0
1229,0.22613065326633167
1230,1.0
1231,0.22613065326633167
1232,1.0
1233,0.22613065326633167
1234,0.22613065326633167
1235,1.0
1236,0.22613065326633167
1237,0.22613065326633167
1238,0.22613065326633167
1239,0.22613065326633167
1240,0.22613065326633167
1241,0.22613065326633167
1242,0.22613065326633167
1243,0.22613065326633167
1244,1.0
1245,1.0
1246,1.0
1247,1.0
1248,1.0
1249,0.22613065326633167
1250,0.22613065326633167
1251,0.22613065326633167
1252,0.22613065326633167
1253,0.22613065326633167
1254,0.22613065326633167
1255,0.22613065326633167
1256,0.22613065326633167
1257,0.22613065326633167
1258,1.0
1259,1.0
1260,1.0
1261,1.0
1262,0.22613065326633167
1263,1.0
1264,0.22613065326633167
1265,1.0
1266,0.22613065326633167
1267,0.22613065326633167
1268,0.22613065326633167
1269,0.22613065326633167
1270,0.22613065326633167
1271,0.22613065326633167
1272,0.22613065326633167
1273,1.0
1274,1.0
1275,0.22613065326633167
1276,0.22613065326633167
1277,0.22613065326633167
1278,0.22613065326633167
1279,0.22613065326633167
1280,0.22613065326633167
1281,1.0
1282,0.22613065326633167
1283,0.22613065326633167
1284,1.0
1285,0.22613065326633167
1286,0.22613065326633167
1287,0.22613065326633167
1288,0.22613065326633167
1289,0.22613065326633167
1290,0.22613065326633167
1291,0.22613065326633167
1292,0.22613065326633167
1293,0.22613065326633167
1294,1.0
1295,0.22613065326633167
1296,0.22613065326633167
1297,1.0
1298,0.22613065326633167
1299,0.22613065326633167
1300,1.0
1301,0.22613065326633167
1302,0.22613065326633167
1303,0.22613065326633167
1304,1.0
1305,1.0
1306,0.22613065326633167
1307,0.22613065326633167
1308,0.22613065326633167
1309,0.22613065326633167
1310,0.22613065326633167
1311,0.22613065326633167
1312,0.22613065326633167
1313,1.0
1314,1.0
1315,1.0
1316,0.22613065326633167
1317,0.22613065326633167
1318,0.22613065326633167
1319,0.22613065326633167
1320,0.22613065326633167
1321,1.0
1322,1.0
1323,1.0
1324,1.0
1325,1.0
1326,1.0
1327,0.22613065326633167
1328,0.22613065326633167
1329,1.0
1330,1.0
1331,0.22613065326633167
1332,0.22613065326633167
1333,0.22613065326633167
1334,1.0
1335,0.22613065326633167
1336,0.22613065326633167
1337,0.22613065326633167
1338,1.0
1339,1.0
1340,0.22613065326633167
1341,0.22613065326633167
1342,1.0
1343,1.0
1344,1.0
1345,0.22613065326633167
1346,0.22613065326633167
1347,0.22613065326633167
1348,0.22613065326633167
1349,0.22613065326633167
1350,0.22613065326633167
1351,1.0
1352,0.22613065326633167
1353,1.0
1354,0.22613065326633167
1355,0.22613065326633167
1356,1.0
1357,0.22613065326633167
1358,0.22613065326633167
1359,1.0
1360,0.22613065326633167
1361,1.0
1362,1.0
1363,0.22613065326633167
1364,1.0
1365,0.22613065326633167
1366,0.22613065326633167
1367,0.22613065326633167
1368,0.22613065326633167
1369,0.22613065326633167
1370,0.22613065326633167
1371,0.22613065326633167
1372,0.22613065326633167
1373,0.22613065326633167
1374,1.0
1375,0.22613065326633167
1376,0.22613065326633167
1377,0.22613065326633167
1378,1.0
1379,0.22613065326633167
1380,0.22613065326633167
1381,0.22613065326633167
1382,1.0
1383,0.22613065326633167
1384,0.22613065326633167
1385,1.0
1386,0.22613065326633167
1387,0.22613065326633167
1388,1.0
1389,0.22613065326633167
1390,0.22613065326633167
1391,0.22613065326633167
1392,0.22613065326633167
1393,1.0
1394,0.22613065326633167
1395,0.22613065326633167
1396,0.22613065326633167
1397,0.22613065326633167
1398,1.0
1399,1.0
1400,1.0
1401,1.0
1402,1.0
1403,0.22613065326633167
1404,0.22613065326633167
1405,1.0
1406,0.22613065326633167
1407,1.0
1408,1.0
1409,1.0
1410,0.22613065326633167
1411,0.22613065326633167
1412,0.22613065326633167
1413,1.0
1414,0.22613065326633167
1415,0.22613065326633167
1416,0.22613065326633167
1417,1.0
1418,1.0
1419,1.0
1420,0.22613065326633167
1421,0.22613065326633167
1422,0.22613065326633167
1423,1.0
1424,0.22613065326633167
1425,1.0
1426,0.22613065326633167
1427,1.0
1428,0.22613065326633167
1429,0.22613065326633167
1430,0.22613065326633167
1431,0.22613065326633167
1432,0.22613065326633167
1433,0.22613065326633167
1434,1.0
1435,0.22613065326633167
1436,1.0
1437,1.0
1438,0.22613065326633167
1439,0.22613065326633167
1440,1.0
1441,0.22613065326633167
1442,0.22613065326633167
1443,1.0
1444,0.22613065326633167
1445,0.22613065326633167
1446,0.22613065326633167
1447,0.22613065326633167
1448,0.22613065326633167
1449,0.22613065326633167
1450,0.22613065326633167
1451,1.0
1452,0.22613065326633167
1453,1.0
1454,0.22613065326633167
1455,1.0
1456,1.0
1457,0.22613065326633167
1458,1.0
1459,0.22613065326633167
1460,1.0
1461,0.22613065326633167
1462,0.22613065326633167
1463,0.22613065326633167
1464,0.22613065326633167
1465,0.22613065326633167
1466,0.22613065326633167
1467,0.22613065326633167
1468,0.22613065326633167
1469,0.22613065326633167
1470,1.0
1471,0.22613065326633167
1472,1.0
1473,0.22613065326633167
1474,0.22613065326633167
1475,0.22613065326633167
1476,0.22613065326633167
1477,0.22613065326633167
1478,0.22613065326633167
1479,1.0
1480,1.0
1481,0.22613065326633167
1482,1.0
1483,1.0
1484,0.22613065326633167
1485,0.22613065326633167
1486,1.0
1487,0.22613065326633167
1488,0.22613065326633167
1489,0.22613065326633167
1490,1.0
1491,1.0
1492,1.0
1493,0.22613065326633167
1494,0.22613065326633167
1495,1.0
1496,0.22613065326633167
1497,0.22613065326633167
1498,1.0
1499,0.22613065326633167
1500,1.0
1501,1.0
1502,1.0
1503,1.0
1504,1.0
1505,1.0
1506,0.22613065326633167
1507,1.0
1508,0.22613065326633167
1509,0.22613065326633167
1510,1.0
1511,1.0
1512,1.0
1513,0.22613065326633167
1514,1.0
1515,1.0
1516,1.0
1517,1.0
1518,1.0
1519,1.0
1520,0.22613065326633167
1521,1.0
1522,1.0
1523,1.0
1524,0.22613065326633167
1525,0.22613065326633167
1526,0.22613065326633167
1527,1.0
1528,1.0
1529,0.22613065326633167
1530,1.0
1531,0.22613065326633167
1532,0.22613065326633167
1533,0.22613065326633167
1534,0.22613065326633167
1535,0.22613065326633167
1536,1.0
1537,1.0
1538,0.22613065326633167
1539,0.22613065326633167
1540,0.22613065326633167
1541,0.22613065326633167
1542,0.22613065326633167
1543,0.22613065326633167
1544,0.22613065326633167
1545,0.22613065326633167
1546,0.22613065326633167
1547,0.22613065326633167
1548,0.22613065326633167
1549,0.22613065326633167
1550,0.22613065326633167
1551,0.22613065326633167
1552,0.22613065326633167
1553,0.22613065326633167
1554,1.0
1555,0.22613065326633167
1556,0.22613065326633167
1557,0.22613065326633167
1558,1.0
1559,0.22613065326633167
1560,0.22613065326633167
1561,0.22613065326633167
1562,0.22613065326633167
1563,0.22613065326633167
1564,0.22613065326633167
1565,1.0
1566,0.22613065326633167
1567,0.22613065326633167
1568,1.0
1569,1.0
1570,1.0
1571,1.0
1572,0.22613065326633167
1573,1.0
1574,0.22613065326633167
1575,0.22613065326633167
1576,1.0
1577,1.0
1578,0.22613065326633167
1579,1.0
1580,0.22613065326633167
1581,0.22613065326633167
1582,1.0
1583,0.22613065326633167
1584,0.22613065326633167
1585,0.22613065326633167
1586,1.0
1587,0.22613065326633167
1588,0.22613065326633167
1589,0.22613065326633167
1590,0.22613065326633167
1591,0.22613065326633167
1592,0.22613065326633167
1593,0.22613065326633167
1594,1.0
1595,1.0
1596,0.22613065326633167
1597,0.22613065326633167
1598,0.22613065326633167
1599,0.22613065326633167
1600,0.22613065326633167
1601,0.22613065326633167
1602,1.0
1603,0.22613065326633167
1604,0.22613065326633167
1605,1.0
1606,0.22613065326633167
1607,0.22613065326633167
1608,1.0
1609,1.0
1610,1.0
1611,1.0
1612,1.0
1613,1.0
1614,0.22613065326633167
1615,1.0
1616,1.0
1617,0.22613065326633167
1618,0.22613065326633167
1619,0.22613065326633167
1620,0.22613065326633167
1621,0.22613065326633167
1622,0.22613065326633167
1623,0.22613065326633167
1624,0.22613065326633167
1625,0.22613065326633167
1626,1.0
1627,1.0
1628,0.22613065326633167
1629,1.0
1630,1.0
1631,0.22613065326633167
1632,0.22613065326633167
1633,0.22613065326633167
1634,0.22613065326633167
1635,1.0
1636,1.0
1637,0.22613065326633167
1638,0.22613065326633167
1639,0.22613065326633167
1640,0.22613065326633167
1641,1.0
1642,0.22613065326633167
1643,0.22613065326633167
1644,0.22613065326633167
1645,1.0
1646,0.22613065326633167
1647,0.22613065326633167
1648,1.0
1649,0.22613065326633167
1650,0.22613065326633167
1651,0.22613065326633167
1652,0.22613065326633167
1653,0.22613065326633167
1654,0.22613065326633167
1655,0.22613065326633167
1656,0.22613065326633167
1657,1.0
1658,1.0
1659,1.0
1660,1.0
1661,0.22613065326633167
1662,0.22613065326633167
1663,0.22613065326633167
1664,0.22613065326633167
1665,0.22613065326633167
1666,0.22613065326633167
1667,0.22613065326633167
1668,1.0
1669,0.22613065326633167
1670,0.22613065326633167
1671,0.22613065326633167
1672,0.22613065326633167
1673,1.0
1674,1.0
1675,0.22613065326633167
1676,0.22613065326633167
1677,0.22613065326633167
1678,0.22613065326633167
1679,0.22613065326633167
1680,1.0
1681,0.22613065326633167
1682,1.0
1683,0.22613065326633167
1684,0.22613065326633167
1685,0.22613065326633167
1686,0.22613065326633167
1687,0.22613065326633167
1688,0.22613065326633167
1689,0.22613065326633167
1690,0.22613065326633167
1691,0.22613065326633167
1692,0.22613065326633167
1693,0.22613065326633167
1694,0.22613065326633167
1695,0.22613065326633167
1696,1.0
1697,0.22613065326633167
1698,0.22613065326633167
1699,0.22613065326633167
1700,1.0
1701,0.22613065326633167
1702,1.0
1703,0.22613065326633167
1704,0.22613065326633167
1705,0.22613065326633167
1706,0.22613065326633167
1707,0.22613065326633167
1708,0.22613065326633167
1709,0.22613065326633167
1710,0.22613065326633167
1711,1.0
1712,0.22613065326633167
1713,0.22613065326633167
1714,0.22613065326633167
1715,0.22613065326633167
1716,0.22613065326633167
1717,0.22613065326633167
1718,0.22613065326633167
1719,0.22613065326633167
1720,0.22613065326633167
1721,0.22613065326633167
1722,0.22613065326633167
1723,0.22613065326633167
1724,0.22613065326633167
1725,0.22613065326633167
1726,0.22613065326633167
1727,0.22613065326633167
1728,0.22613065326633167
1729,0.22613065326633167
1730,0.22613065326633167
1731,1.0
1732,0.22613065326633167
1733,0.22613065326633167
1734,1.0
1735,0.22613065326633167
1736,0.22613065326633167
1737,0.22613065326633167
1738,1.0
1739,0.22613065326633167
1740,0.22613065326633167
1741,0.22613065326633167
1742,0.22613065326633167
1743,0.22613065326633167
1744,0.22613065326633167
1745,0.22613065326633167
1746,0.22613065326633167
1747,1.0
1748,0.22613065326633167
1749,1.0
1750,0.22613065326633167
1751,0.22613065326633167
1752,0.22613065326633167
1753,0.22613065326633167
1754,0.22613065326633167
1755,1.0
1756,1.0
1757,1.0
1758,0.22613065326633167
1759,1.0
1760,1.0
1761,1.0
1762,0.22613065326633167
1763,1.0
1764,0.22613065326633167
1765,0.22613065326633167
1766,0.22613065326633167
1767,0.22613065326633167
1768,1.0
1769,1.0
1770,0.22613065326633167
1771,0.22613065326633167
1772,0.22613065326633167
1773,0.22613065326633167
1774,0.22613065326633167
1775,0.22613065326633167
1776,1.0
1777,0.22613065326633167
1778,0.22613065326633167
1779,0.22613065326633167
1780,0.22613065326633167
1781,0.22613065326633167
1782,0.22613065326633167
1783,0.22613065326633167
1784,0.22613065326633167
1785,0.22613065326633167
1786,0.22613065326633167
1787,0.22613065326633167
1788,0.22613065326633167
1789,0.22613065326633167
1790,0.22613065326633167
1791,1.0
1792,1.0
1793,1.0
1794,0.22613065326633167
1795,0.22613065326633167
1796,0.22613065326633167
1797,0.22613065326633167
1798,0.22613065326633167
1799,0.22613065326633167
1800,1.0
1801,0.22613065326633167
1802,0.22613065326633167
1803,0.22613065326633167
1804,1.0
1805,0.22613065326633167
1806,0.22613065326633167
1807,0.22613065326633167
1808,0.22613065326633167
1809,0.22613065326633167
1810,0.22613065326633167
1811,0.22613065326633167
1812,0.22613065326633167
1813,1.0
1814,0.22613065326633167
1815,0.22613065326633167
1816,0.22613065326633167
1817,0.22613065326633167
1818,0.22613065326633167
1819,0.22613065326633167
1820,1.0
1821,0.22613065326633167
1822,0.22613065326633167
1823,0.22613065326633167
1824,0.22613065326633167
1825,1.0
1826,0.22613065326633167
1827,0.22613065326633167
1828,0.22613065326633167
1829,0.22613065326633167
1830,0.22613065326633167
1831,1.0
1832,0.22613065326633167
1833,1.0
1834,0.22613065326633167
1835,0.22613065326633167
1836,0.22613065326633167
1837,0.22613065326633167
1838,0.22613065326633167
1839,0.22613065326633167
1840,0.22613065326633167
1841,1.0
1842,0.22613065326633167
1843,0.22613065326633167
1844,0.22613065326633167
1845,0.22613065326633167
1846,0.22613065326633167
1847,0.22613065326633167
1848,1.0
1849,1.0
1850,0.22613065326633167
1851,0.22613065326633167
1852,0.22613065326633167
1853,0.22613065326633167
1854,0.22613065326633167
1855,1.0
1856,1.0
1857,1.0
1858,0.22613065326633167
1859,0.22613065326633167
1860,0.22613065326633167
1861,0.22613065326633167
1862,1.0
1863,0.22613065326633167
1864,0.22613065326633167
1865,0.22613065326633167
1866,0.22613065326633167
1867,1.0
1868,0.22613065326633167
1869,0.22613065326633167
1870,0.22613065326633167
1871,0.22613065326633167
1872,0.22613065326633167
1873,1.0
1874,0.22613065326633167
1875,1.0
1876,0.22613065326633167
1877,0.22613065326633167
1878,0.22613065326633167
1879,0.22613065326633167
1880,1.0
1881,0.22613065326633167
1882,0.22613065326633167
1883,0.22613065326633167
1884,0.22613065326633167
1885,0.22613065326633167
1886,0.22613065326633167
1887,0.22613065326633167
1888,0.22613065326633167
1889,0.22613065326633167
1890,0.22613065326633167
1891,0.22613065326633167
1892,0.22613065326633167
1893,0.22613065326633167
1894,0.22613065326633167
1895,0.22613065326633167
1896,0.22613065326633167
1897,1.0
1898,0.22613065326633167
1899,0.22613065326633167
1900,0.22613065326633167
1901,0.22613065326633167
1902,0.22613065326633167
1903,0.22613065326633167
1904,0.22613065326633167
1905,0.22613065326633167
1906,0.22613065326633167
1907,1.0
1908,0.22613065326633167
1909,0.22613065326633167
1910,0.22613065326633167
1911,0.22613065326633167
1912,0.22613065326633167
1913,0.22613065326633167
1914,0.22613065326633167
1915,1.0
1916,0.22613065326633167
1917,0.22613065326633167
1918,1.0
1919,1.0
1920,1.0
1921,1.0
1922,0.22613065326633167
1923,1.0
1924,0.22613065326633167
1925,1.0
1926,1.0
1927,1.0
1928,0.22613065326633167
1929,0.22613065326633167
1930,0.22613065326633167
1931,0.22613065326633167
1932,0.22613065326633167
1933,0.22613065326633167
1934,0.22613065326633167
1935,0.22613065326633167
1936,0.22613065326633167
1937,0.22613065326633167
1938,1.0
1939,0.22613065326633167
1940,0.22613065326633167
1941,0.22613065326633167
1942,1.0
1943,0.22613065326633167
1944,0.22613065326633167
1945,1.0
1946,1.0
1947,1.0
1948,0.22613065326633167
1949,0.22613065326633167
1950,1.0
1951,0.22613065326633167
1952,1.0
1953,0.22613065326633167
1954,0.22613065326633167
1955,1.0
1956,1.0
1957,1.0
1958,0.22613065326633167
1959,0.22613065326633167
1960,0.22613065326633167
1961,0.22613065326633167
1962,1.0
1963,0.22613065326633167
1964,0.22613065326633167
1965,0.22613065326633167
1966,0.22613065326633167
1967,1.0
1968,1.0
1969,0.22613065326633167
1970,0.22613065326633167
1971,0.22613065326633167
1972,0.22613065326633167
1973,0.22613065326633167
1974,0.22613065326633167
1975,1.0
1976,1.0
1977,0.22613065326633167
1978,0.22613065326633167
1979,0.22613065326633167
1980,0.22613065326633167
1981,0.22613065326633167
1982,0.22613065326633167
1983,0.22613065326633167
1984,0.22613065326633167
1985,0.22613065326633167
1986,0.22613065326633167
1987,0.22613065326633167
1988,0.22613065326633167
1989,0.22613065326633167
1990,0.22613065326633167
1991,0.22613065326633167
1992,0.22613065326633167
1993,0.22613065326633167
1994,0.22613065326633167
1995,0.22613065326633167
1996,0.22613065326633167
1997,0.22613065326633167
1998,0.22613065326633167
1999,0.22613065326633167
2000,0.22613065326633167
2001,0.22613065326633167
2002,0.22613065326633167
2003,0.22613065326633167
2004,0.22613065326633167
2005,0.22613065326633167
2006,0.22613065326633167
2007,0.22613065326633167
2008,0.22613065326633167
2009,0.22613065326633167
2010,0.22613065326633167
2011,0.22613065326633167
2012,0.22613065326633167
2013,0.22613065326633167
2014,0.22613065326633167
2015,0.22613065326633167
2016,0.22613065326633167
2017,0.22613065326633167
2018,0.22613065326633167
2019,0.22613065326633167
2020,0.22613065326633167
2021,0.22613065326633167
2022,0.22613065326633167
2023,0.22613065326633167
2024,0.22613065326633167
2025,0.22613065326633167
2026,0.22613065326633167
2027,0.22613065326633167
2028,0.22613065326633167
2029,0.22613065326633167
2030,0.22613065326633167
2031,0.22613065326633167
2032,0.22613065326633167
2033,0.22613065326633167
2034,0.22613065326633167
2035,0.22613065326633167
2036,1.0
2037,0.22613065326633167
2038,0.22613065326633167
2039,0.22613065326633167
2040,0.22613065326633167
2041,0.22613065326633167
2042,0.22613065326633167
2043,0.22613065326633167
2044,0.22613065326633167
2045,0.22613065326633167
2046,0.22613065326633167
2047,0.22613065326633167
2048,0.22613065326633167
2049,1.0
2050,0.22613065326633167
2051,0.22613065326633167
2052,0.22613065326633167
2053,0.22613065326633167
2054,0.22613065326633167
2055,0.22613065326633167
2056,0.22613065326633167
2057,0.22613065326633167
2058,1.0
2059,0.22613065326633167
2060,0.22613065326633167
2061,0.22613065326633167
2062,0.22613065326633167
2063,0.22613065326633167
2064,0.22613065326633167
2065,0.22613065326633167
2066,0.22613065326633167
2067,0.22613065326633167
2068,0.22613065326633167
2069,0.22613065326633167
2070,0.22613065326633167
2071,0.22613065326633167
2072,0.22613065326633167
2073,1.0
2074,1.0
2075,0.22613065326633167
2076,0.22613065326633167
2077,1.0
2078,0.22613065326633167
2079,0.22613065326633167
2080,1.0
2081,0.22613065326633167
2082,0.22613065326633167
2083,0.22613065326633167
2084,0.22613065326633167
2085,0.22613065326633167
2086,0.22613065326633167
2087,0.22613065326633167
2088,0.22613065326633167
2089,0.22613065326633167
2090,0.22613065326633167
2091,0.22613065326633167
2092,0.22613065326633167
2093,0.22613065326633167
2094,0.22613065326633167
2095,0.22613065326633167
2096,0.22613065326633167
2097,0.22613065326633167
2098,0.22613065326633167
2099,0.22613065326633167
2100,0.22613065326633167
2101,1.0
2102,0.22613065326633167
2103,0.22613065326633167
2104,0.22613065326633167
2105,0.22613065326633167
2106,0.22613065326633167
2107,0.22613065326633167
2108,1.0
2109,0.22613065326633167
2110,0.22613065326633167
2111,0.22613065326633167
2112,0.22613065326633167
2113,0.22613065326633167
2114,0.22613065326633167
2115,0.22613065326633167
2116,0.22613065326633167
2117,1.0
2118,0.22613065326633167
2119,0.22613065326633167
2120,0.22613065326633167
2121,0.22613065326633167
2122,0.22613065326633167
2123,0.22613065326633167
2124,0.22613065326633167
2125,0.22613065326633167
2126,0.22613065326633167
2127,0.22613065326633167
2128,0.22613065326633167
2129,0.22613065326633167
2130,0.22613065326633167
2131,0.22613065326633167
2132,0.22613065326633167
2133,0.22613065326633167
2134,0.22613065326633167
2135,0.22613065326633167
2136,0.22613065326633167
2137,0.22613065326633167
2138,0.22613065326633167
2139,0.22613065326633167
2140,1.0
2141,0.22613065326633167
2142,0.22613065326633167
2143,1.0
2144,1.0
2145,1.0
2146,0.22613065326633167
2147,0.22613065326633167
2148,0.22613065326633167
2149,1.0
2150,0.22613065326633167
2151,1.0
2152,0.22613065326633167
2153,0.22613065326633167
2154,0.22613065326633167
2155,0.22613065326633167
2156,0.22613065326633167
2157,0.22613065326633167
2158,0.22613065326633167
2159,0.22613065326633167
2160,0.22613065326633167
2161,0.22613065326633167
2162,0.22613065326633167
2163,0.22613065326633167
2164,0.22613065326633167
2165,0.22613065326633167
2166,0.22613065326633167
2167,0.22613065326633167
2168,0.22613065326633167
2169,0.22613065326633167
2170,0.22613065326633167
2171,0.22613065326633167
2172,0.22613065326633167
2173,1.0
2174,0.22613065326633167
2175,0.22613065326633167
2176,0.22613065326633167
2177,0.22613065326633167
2178,1.0
2179,0.22613065326633167
2180,0.22613065326633167
2181,0.22613065326633167
2182,0.22613065326633167
2183,0.22613065326633167
2184,0.22613065326633167
2185,1.0
2186,0.22613065326633167
2187,0.22613065326633167
2188,0.22613065326633167
2189,0.22613065326633167
2190,0.22613065326633167
2191,0.22613065326633167
2192,0.22613065326633167
2193,0.22613065326633167
2194,0.22613065326633167
2195,0.22613065326633167
2196,0.22613065326633167
2197,0.22613065326633167
2198,0.22613065326633167
2199,1.0
2200,1.0
2201,0.22613065326633167
2202,0.22613065326633167
2203,0.22613065326633167
2204,0.22613065326633167
2205,0.22613065326633167
2206,0.22613065326633167
2207,0.22613065326633167
2208,0.22613065326633167
2209,0.22613065326633167
2210,0.22613065326633167
2211,0.22613065326633167
2212,0.22613065326633167
2213,0.22613065326633167
2214,0.22613065326633167
2215,0.22613065326633167
2216,0.22613065326633167
2217,1.0
2218,0.22613065326633167
2219,0.22613065326633167
2220,0.22613065326633167
2221,0.22613065326633167
2222,0.22613065326633167
2223,0.22613065326633167
2224,0.22613065326633167
2225,0.22613065326633167
2226,1.0
2227,0.22613065326633167
2228,1.0
2229,0.22613065326633167
2230,0.22613065326633167
2231,0.22613065326633167
2232,0.22613065326633167
2233,0.22613065326633167
2234,0.22613065326633167
2235,0.22613065326633167
2236,0.22613065326633167
2237,0.22613065326633167
2238,0.22613065326633167
2239,0.22613065326633167
2240,0.22613065326633167
2241,1.0
2242,0.22613065326633167
2243,0.22613065326633167
2244,0.22613065326633167
2245,0.22613065326633167
2246,0.22613065326633167
2247,0.22613065326633167
2248,0.22613065326633167
2249,0.22613065326633167
2250,0.22613065326633167
2251,0.22613065326633167
2252,0.22613065326633167
2253,0.22613065326633167
2254,0.22613065326633167
2255,0.22613065326633167
2256,0.22613065326633167
2257,0.22613065326633167
2258,0.22613065326633167
2259,0.22613065326633167
2260,0.22613065326633167
2261,0.22613065326633167
2262,1.0
2263,0.22613065326633167
2264,0.22613065326633167
2265,0.22613065326633167
2266,0.22613065326633167
2267,0.22613065326633167
2268,0.22613065326633167
2269,0.22613065326633167
2270,1.0
2271,0.22613065326633167
2272,0.22613065326633167
2273,0.22613065326633167
2274,0.22613065326633167
2275,0.22613065326633167
2276,0.22613065326633167
2277,0.22613065326633167
2278,1.0
2279,0.22613065326633167
2280,0.22613065326633167
2281,0.22613065326633167
2282,0.22613065326633167
2283,0.22613065326633167
2284,0.22613065326633167
2285,0.22613065326633167
2286,0.22613065326633167
2287,0.22613065326633167
2288,1.0
2289,0.22613065326633167
2290,0.22613065326633167
2291,0.22613065326633167
2292,0.22613065326633167
2293,0.22613065326633167
2294,0.22613065326633167
2295,0.22613065326633167
2296,0.22613065326633167
2297,0.22613065326633167
2298,0.22613065326633167
2299,0.22613065326633167
2300,0.22613065326633167
2301,0.22613065326633167
2302,0.22613065326633167
2303,0.22613065326633167
2304,0.22613065326633167
2305,0.22613065326633167
2306,1.0
2307,0.22613065326633167
2308,0.22613065326633167
2309,0.22613065326633167
2310,0.22613065326633167
2311,0.22613065326633167
2312,0.22613065326633167
2313,0.22613065326633167
2314,0.22613065326633167
2315,1.0
2316,0.22613065326633167
2317,0.22613065326633167
2318,0.22613065326633167
2319,0.22613065326633167
2320,1.0
2321,0.22613065326633167
2322,0.22613065326633167
2323,0.22613065326633167
2324,0.22613065326633167
2325,1.0
2326,0.22613065326633167
2327,0.22613065326633167
2328,0.22613065326633167
2329,0.22613065326633167
2330,0.22613065326633167
2331,0.22613065326633167
2332,0.22613065326633167
2333,0.22613065326633167
2334,0.22613065326633167
2335,0.22613065326633167
2336,0.22613065326633167
2337,0.22613065326633167
2338,0.22613065326633167
2339,0.22613065326633167
2340,0.22613065326633167
2341,0.22613065326633167
2342,0.22613065326633167
2343,0.22613065326633167
2344,0.22613065326633167
2345,0.22613065326633167
2346,0.22613065326633167
2347,0.22613065326633167
2348,1.0
2349,0.22613065326633167
2350,0.22613065326633167
2351,0.22613065326633167
2352,1.0
2353,0.22613065326633167
2354,0.22613065326633167
2355,0.22613065326633167
2356,0.22613065326633167
2357,0.22613065326633167
2358,0.22613065326633167
2359,0.22613065326633167
2360,0.22613065326633167
2361,0.22613065326633167
2362,0.22613065326633167
2363,1.0
2364,1.0
2365,1.0
2366,0.22613065326633167
2367,1.0
2368,0.22613065326633167
2369,0.22613065326633167
2370,0.22613065326633167
2371,0.22613065326633167
2372,0.22613065326633167
2373,1.0
2374,0.22613065326633167
2375,0.22613065326633167
2376,0.22613065326633167
2377,1.0
2378,0.22613065326633167
2379,0.22613065326633167
2380,1.0
2381,0.22613065326633167
2382,1.0
2383,1.0
2384,0.22613065326633167
2385,0.22613065326633167
2386,0.22613065326633167
2387,1.0
2388,0.22613065326633167
2389,0.22613065326633167
2390,0.22613065326633167
2391,0.22613065326633167
2392,1.0
2393,0.22613065326633167
2394,1.0
2395,0.22613065326633167
2396,0.22613065326633167
2397,0.22613065326633167
2398,0.22613065326633167
2399,1.0
2400,0.22613065326633167
2401,1.0
2402,0.22613065326633167
2403,0.22613065326633167
2404,0.22613065326633167
2405,0.22613065326633167
2406,0.22613065326633167
2407,0.22613065326633167
2408,0.22613065326633167
2409,0.22613065326633167
2410,0.22613065326633167
2411,0.22613065326633167
2412,1.0
2413,0.22613065326633167
2414,0.22613065326633167
2415,0.22613065326633167
2416,0.22613065326633167
2417,0.22613065326633167
2418,0.22613065326633167
2419,1.0
2420,0.22613065326633167
2421,0.22613065326633167
2422,0.22613065326633167
2423,0.22613065326633167
2424,0.22613065326633167
2425,0.22613065326633167
2426,1.0
2427,1.0
2428,0.22613065326633167
2429,1.0
2430,0.22613065326633167
2431,1.0
2432,0.22613065326633167
2433,0.22613065326633167
2434,0.22613065326633167
2435,0.22613065326633167
2436,0.22613065326633167
2437,0.22613065326633167
2438,0.22613065326633167
2439,0.22613065326633167
2440,1.0
2441,0.22613065326633167
2442,0.22613065326633167
2443,0.22613065326633167
2444,0.22613065326633167
2445,0.22613065326633167
2446,0.22613065326633167
2447,1.0
2448,0.22613065326633167
2449,0.22613065326633167
2450,0.22613065326633167
2451,0.22613065326633167
2452,0.22613065326633167
2453,0.22613065326633167
2454,0.22613065326633167
2455,0.22613065326633167
2456,0.22613065326633167
2457,0.22613065326633167
2458,0.22613065326633167
2459,0.22613065326633167
2460,1.0
2461,0.22613065326633167
2462,0.22613065326633167
2463,0.22613065326633167
2464,0.22613065326633167
2465,0.22613065326633167
2466,0.22613065326633167
2467,0.22613065326633167
2468,0.22613065326633167
2469,0.22613065326633167
2470,0.22613065326633167
2471,0.22613065326633167
2472,0.22613065326633167
2473,0.22613065326633167
2474,0.22613065326633167
2475,0.22613065326633167
2476,0.22613065326633167
2477,0.22613065326633167
2478,0.22613065326633167
2479,0.22613065326633167
2480,0.22613065326633167
2481,0.22613065326633167
2482,0.22613065326633167
2483,0.22613065326633167
2484,0.22613065326633167
2485,0.22613065326633167
2486,0.22613065326633167
2487,0.22613065326633167
2488,0.22613065326633167
2489,0.22613065326633167
2490,0.22613065326633167
2491,0.22613065326633167
2492,0.22613065326633167
2493,0.22613065326633167
2494,0.22613065326633167
2495,0.22613065326633167
2496,0.22613065326633167
2497,0.22613065326633167
2498,1.0
2499,0.22613065326633167
2500,0.22613065326633167
2501,0.22613065326633167
2502,1.0
2503,1.0
2504,0.22613065326633167
2505,0.22613065326633167
2506,0.22613065326633167
2507,0.22613065326633167
2508,0.22613065326633167
2509,0.22613065326633167
2510,0.22613065326633167
2511,0.22613065326633167
2512,0.22613065326633167
2513,0.22613065326633167
2514,1.0
2515,0.22613065326633167
2516,0.22613065326633167
2517,0.22613065326633167
2518,0.22613065326633167
2519,0.22613065326633167
2520,0.22613065326633167
2521,0.22613065326633167
2522,0.22613065326633167
2523,0.22613065326633167
2524,0.22613065326633167
2525,0.22613065326633167
2526,0.22613065326633167
2527,0.22613065326633167
2528,0.22613065326633167
2529,0.22613065326633167
2530,0.22613065326633167
2531,0.22613065326633167
2532,1.0
2533,0.22613065326633167
2534,0.22613065326633167
2535,0.22613065326633167
2536,0.22613065326633167
2537,0.22613065326633167
2538,0.22613065326633167
2539,0.22613065326633167
2540,0.22613065326633167
2541,0.22613065326633167
2542,0.22613065326633167
2543,0.22613065326633167
2544,0.22613065326633167
2545,0.22613065326633167
2546,0.22613065326633167
2547,1.0
2548,0.22613065326633167
2549,0.22613065326633167
2550,0.22613065326633167
2551,0.22613065326633167
2552,0.22613065326633167
2553,1.0
2554,0.22613065326633167
2555,1.0
2556,0.22613065326633167
2557,0.22613065326633167
2558,0.22613065326633167
2559,0.22613065326633167
2560,0.22613065326633167
2561,0.22613065326633167
2562,0.22613065326633167
2563,0.22613065326633167
2564,0.22613065326633167
2565,1.0
2566,0.22613065326633167
2567,0.22613065326633167
2568,0.22613065326633167
2569,1.0
2570,0.22613065326633167
2571,0.22613065326633167
2572,0.22613065326633167
2573,0.22613065326633167
2574,1.0
2575,0.22613065326633167
2576,1.0
2577,0.22613065326633167
2578,0.22613065326633167
2579,1.0
2580,0.22613065326633167
2581,1.0
2582,1.0
2583,0.22613065326633167
2584,0.22613065326633167
2585,0.22613065326633167
2586,0.22613065326633167
2587,0.22613065326633167
2588,0.22613065326633167
2589,0.22613065326633167
2590,1.0
2591,0.22613065326633167
2592,0.22613065326633167
2593,1.0
2594,0.22613065326633167
2595,1.0
2596,0.22613065326633167
2597,1.0
2598,0.22613065326633167
2599,1.0
2600,0.22613065326633167
2601,0.22613065326633167
2602,1.0
2603,0.22613065326633167
2604,0.22613065326633167
2605,0.22613065326633167
2606,1.0
2607,1.0
2608,0.22613065326633167
2609,1.0
2610,0.22613065326633167
2611,1.0
2612,1.0
2613,0.22613065326633167
2614,1.0
2615,1.0
2616,1.0
2617,1.0
2618,0.22613065326633167
2619,0.22613065326633167
2620,0.22613065326633167
2621,0.22613065326633167
2622,0.22613065326633167
2623,1.0
2624,0.22613065326633167
2625,0.22613065326633167
2626,0.22613065326633167
2627,0.22613065326633167
2628,0.22613065326633167
2629,1.0
2630,0.22613065326633167
2631,0.22613065326633167
2632,0.22613065326633167
2633,0.22613065326633167
2634,0.22613065326633167
2635,0.22613065326633167
2636,0.22613065326633167
2637,0.22613065326633167
2638,0.22613065326633167
2639,0.22613065326633167
2640,1.0
2641,1.0
2642,0.22613065326633167
2643,0.22613065326633167
2644,0.22613065326633167
2645,0.22613065326633167
2646,0.22613065326633167
2647,0.22613065326633167
2648,0.22613065326633167
2649,0.22613065326633167
2650,0.22613065326633167
2651,0.22613065326633167
2652,0.22613065326633167
2653,0.22613065326633167
2654,0.22613065326633167
2655,0.22613065326633167
2656,0.22613065326633167
2657,0.22613065326633167
2658,1.0
2659,0.22613065326633167
2660,0.22613065326633167
2661,0.22613065326633167
2662,0.22613065326633167
2663,1.0
2664,0.22613065326633167
2665,0.22613065326633167
2666,0.22613065326633167
2667,0.22613065326633167
2668,0.22613065326633167
2669,0.22613065326633167
2670,0.22613065326633167
2671,0.22613065326633167
2672,0.22613065326633167
2673,1.0
2674,0.22613065326633167
2675,0.22613065326633167
2676,0.22613065326633167
2677,0.22613065326633167
2678,0.22613065326633167
2679,0.22613065326633167
2680,0.22613065326633167
2681,0.22613065326633167
2682,0.22613065326633167
2683,0.22613065326633167
2684,0.22613065326633167
2685,0.22613065326633167
2686,0.22613065326633167
2687,0.22613065326633167
2688,0.22613065326633167
2689,0.22613065326633167
2690,0.22613065326633167
2691,0.22613065326633167
2692,0.22613065326633167
2693,0.22613065326633167
2694,0.22613065326633167
2695,0.22613065326633167
2696,0.22613065326633167
2697,0.22613065326633167
2698,0.22613065326633167
2699,0.22613065326633167
2700,0.22613065326633167
2701,1.0
2702,0.22613065326633167
2703,0.22613065326633167
2704,1.0
2705,0.22613065326633167
2706,0.22613065326633167
2707,0.22613065326633167
2708,0.22613065326633167
2709,0.22613065326633167
2710,1.0
2711,0.22613065326633167
2712,1.0
2713,1.0
2714,0.22613065326633167
2715,0.22613065326633167
2716,0.22613065326633167
2717,0.22613065326633167
2718,0.22613065326633167
2719,0.22613065326633167
2720,0.22613065326633167
2721,0.22613065326633167
2722,0.22613065326633167
2723,0.22613065326633167
2724,0.22613065326633167
2725,0.22613065326633167
2726,0.22613065326633167
2727,0.22613065326633167
2728,0.22613065326633167
2729,0.22613065326633167
2730,0.22613065326633167
2731,0.22613065326633167
2732,0.22613065326633167
2733,0.22613065326633167
2734,0.22613065326633167
2735,1.0
2736,0.22613065326633167
2737,0.22613065326633167
2738,0.22613065326633167
2739,0.22613065326633167
2740,0.22613065326633167
2741,0.22613065326633167
2742,0.22613065326633167
2743,1.0
2744,0.22613065326633167
2745,0.22613065326633167
2746,0.22613065326633167
2747,0.22613065326633167
2748,0.22613065326633167
2749,0.22613065326633167
2750,0.22613065326633167
2751,0.22613065326633167
2752,0.22613065326633167
2753,0.22613065326633167
2754,0.22613065326633167
2755,1.0
2756,0.22613065326633167
2757,0.22613065326633167
2758,1.0
2759,0.22613065326633167
2760,0.22613065326633167
2761,0.22613065326633167
2762,0.22613065326633167
2763,0.22613065326633167
2764,0.22613065326633167
2765,0.22613065326633167
2766,0.22613065326633167
2767,0.22613065326633167
2768,0.22613065326633167
2769,0.22613065326633167
2770,0.22613065326633167
2771,0.22613065326633167
2772,0.22613065326633167
2773,0.22613065326633167
2774,1.0
2775,1.0
2776,1.0
2777,0.22613065326633167
2778,0.22613065326633167
2779,1.0
2780,1.0
2781,1.0
2782,0.22613065326633167
2783,1.0
2784,1.0
2785,1.0
2786,0.22613065326633167
2787,0.22613065326633167
2788,0.22613065326633167
2789,1.0
2790,0.22613065326633167
2791,0.22613065326633167
2792,0.22613065326633167
2793,0.22613065326633167
2794,0.22613065326633167
2795,0.22613065326633167
2796,0.22613065326633167
2797,0.22613065326633167
2798,1.0
2799,0.22613065326633167
2800,0.22613065326633167
2801,1.0
2802,0.22613065326633167
2803,0.22613065326633167
2804,0.22613065326633167
2805,0.22613065326633167
2806,0.22613065326633167
2807,0.22613065326633167
2808,0.22613065326633167
2809,0.22613065326633167
2810,0.22613065326633167
2811,0.22613065326633167
2812,0.22613065326633167
2813,0.22613065326633167
2814,0.22613065326633167
2815,0.22613065326633167
2816,0.22613065326633167
2817,0.22613065326633167
2818,0.22613065326633167
2819,0.22613065326633167
2820,0.22613065326633167
2821,0.22613065326633167
2822,0.22613065326633167
2823,0.22613065326633167
2824,0.22613065326633167
2825,0.22613065326633167
2826,1.0
2827,0.22613065326633167
2828,0.22613065326633167
2829,0.22613065326633167
2830,0.22613065326633167
2831,0.22613065326633167
2832,0.22613065326633167
2833,0.22613065326633167
2834,0.22613065326633167
2835,0.22613065326633167
2836,0.22613065326633167
2837,0.22613065326633167
2838,1.0
2839,0.22613065326633167
2840,0.22613065326633167
2841,0.22613065326633167
2842,0.22613065326633167
2843,0.22613065326633167
2844,0.22613065326633167
2845,1.0
2846,0.22613065326633167
2847,0.22613065326633167
2848,0.22613065326633167
2849,0.22613065326633167
2850,0.22613065326633167
2851,0.22613065326633167
2852,0.22613065326633167
2853,0.22613065326633167
2854,0.22613065326633167
2855,0.22613065326633167
2856,0.22613065326633167
2857,0.22613065326633167
2858,0.22613065326633167
2859,0.22613065326633167
2860,0.22613065326633167
2861,0.22613065326633167
2862,0.22613065326633167
2863,0.22613065326633167
2864,0.22613065326633167
2865,0.22613065326633167
2866,0.22613065326633167
2867,0.22613065326633167
2868,1.0
2869,0.22613065326633167
2870,0.22613065326633167
2871,0.22613065326633167
2872,0.22613065326633167
2873,0.22613065326633167
2874,0.22613065326633167
2875,0.22613065326633167
2876,0.22613065326633167
2877,0.22613065326633167
2878,0.22613065326633167
2879,0.22613065326633167
2880,0.22613065326633167
2881,1.0
2882,0.22613065326633167
2883,0.22613065326633167
2884,0.22613065326633167
2885,0.22613065326633167
2886,0.22613065326633167
2887,0.22613065326633167
2888,0.22613065326633167
2889,0.22613065326633167
2890,0.22613065326633167
2891,0.22613065326633167
2892,0.22613065326633167
2893,0.22613065326633167
2894,0.22613065326633167
2895,0.22613065326633167
2896,0.22613065326633167
2897,0.22613065326633167
2898,0.22613065326633167
2899,0.22613065326633167
2900,0.22613065326633167
2901,0.22613065326633167
2902,0.22613065326633167
2903,0.22613065326633167
2904,0.22613065326633167
2905,0.22613065326633167
2906,0.22613065326633167
2907,0.22613065326633167
2908,0.22613065326633167
2909,0.22613065326633167
2910,1.0
2911,1.0
2912,1.0
2913,1.0
2914,0.22613065326633167
2915,1.0
2916,0.22613065326633167
2917,0.22613065326633167
2918,0.22613065326633167
2919,0.22613065326633167
2920,0.22613065326633167
2921,0.22613065326633167
2922,0.22613065326633167
2923,0.22613065326633167
2924,0.22613065326633167
2925,0.22613065326633167
2926,0.22613065326633167
2927,0.22613065326633167
2928,0.22613065326633167
2929,0.22613065326633167
2930,1.0
2931,1.0
2932,1.0
2933,1.0
2934,1.0
2935,0.22613065326633167
2936,0.22613065326633167
2937,0.22613065326633167
2938,0.22613065326633167
2939,0.22613065326633167
2940,0.22613065326633167
2941,0.22613065326633167
2942,0.22613065326633167
2943,0.22613065326633167
2944,0.22613065326633167
2945,0.22613065326633167
2946,0.22613065326633167
2947,0.22613065326633167
2948,0.22613065326633167
2949,0.22613065326633167
2950,0.22613065326633167
2951,0.22613065326633167
2952,0.22613065326633167
2953,0.22613065326633167
2954,0.22613065326633167
2955,0.22613065326633167
2956,0.22613065326633167
2957,0.22613065326633167
2958,0.22613065326633167
2959,0.22613065326633167
2960,0.22613065326633167
